run_id,predeclared_run_id,role,target_context_encoder_type,model_name,graph_schema,epoch,train_loss,val_loss,val_auprc,lr,selection_split
sprint7f_target_context_encoder_seed42_20260608_051125_S7F_R2_family_aware_context_encoder,S7F_R2_family_aware_context_encoder,graph_c_gatv2_family_aware_target_context_encoder,family_aware,gatv2_graph_c_sprint7f_family_aware_context_encoder,graph_c_context_observation,1,0.1593475490808487,0.175396129488945,0.9268784449835636,0.001,validation
sprint7f_target_context_encoder_seed42_20260608_051125_S7F_R2_family_aware_context_encoder,S7F_R2_family_aware_context_encoder,graph_c_gatv2_family_aware_target_context_encoder,family_aware,gatv2_graph_c_sprint7f_family_aware_context_encoder,graph_c_context_observation,2,0.15744002163410187,0.16267526149749756,0.9327724390495511,0.001,validation
sprint7f_target_context_encoder_seed42_20260608_051125_S7F_R2_family_aware_context_encoder,S7F_R2_family_aware_context_encoder,graph_c_gatv2_family_aware_target_context_encoder,family_aware,gatv2_graph_c_sprint7f_family_aware_context_encoder,graph_c_context_observation,3,0.1280709207057953,0.16141383349895477,0.9310786779612501,0.001,validation
sprint7f_target_context_encoder_seed42_20260608_051125_S7F_R2_family_aware_context_encoder,S7F_R2_family_aware_context_encoder,graph_c_gatv2_family_aware_target_context_encoder,family_aware,gatv2_graph_c_sprint7f_family_aware_context_encoder,graph_c_context_observation,4,0.11740758270025253,0.16309326887130737,0.9252739045506355,0.001,validation
sprint7f_target_context_encoder_seed42_20260608_051125_S7F_R2_family_aware_context_encoder,S7F_R2_family_aware_context_encoder,graph_c_gatv2_family_aware_target_context_encoder,family_aware,gatv2_graph_c_sprint7f_family_aware_context_encoder,graph_c_context_observation,5,0.11009196937084198,0.16170595586299896,0.9228070493109715,0.001,validation
sprint7f_target_context_encoder_seed42_20260608_051125_S7F_R2_family_aware_context_encoder,S7F_R2_family_aware_context_encoder,graph_c_gatv2_family_aware_target_context_encoder,family_aware,gatv2_graph_c_sprint7f_family_aware_context_encoder,graph_c_context_observation,6,0.09761343151330948,0.1876487135887146,0.9221092221822231,0.001,validation
sprint7f_target_context_encoder_seed42_20260608_051125_S7F_R2_family_aware_context_encoder,S7F_R2_family_aware_context_encoder,graph_c_gatv2_family_aware_target_context_encoder,family_aware,gatv2_graph_c_sprint7f_family_aware_context_encoder,graph_c_context_observation,7,0.08763071894645691,0.2198515087366104,0.9184157321222812,0.001,validation
sprint7f_target_context_encoder_seed42_20260608_051125_S7F_R2_family_aware_context_encoder,S7F_R2_family_aware_context_encoder,graph_c_gatv2_family_aware_target_context_encoder,family_aware,gatv2_graph_c_sprint7f_family_aware_context_encoder,graph_c_context_observation,8,0.08435821533203125,0.22248044610023499,0.9154218312242655,0.0005,validation
sprint7f_target_context_encoder_seed42_20260608_051125_S7F_R2_family_aware_context_encoder,S7F_R2_family_aware_context_encoder,graph_c_gatv2_family_aware_target_context_encoder,family_aware,gatv2_graph_c_sprint7f_family_aware_context_encoder,graph_c_context_observation,9,0.07575889676809311,0.21630112826824188,0.9134699936256503,0.0005,validation
sprint7f_target_context_encoder_seed42_20260608_051125_S7F_R2_family_aware_context_encoder,S7F_R2_family_aware_context_encoder,graph_c_gatv2_family_aware_target_context_encoder,family_aware,gatv2_graph_c_sprint7f_family_aware_context_encoder,graph_c_context_observation,10,0.07406038045883179,0.2044227421283722,0.9130925751990601,0.0005,validation
sprint7f_target_context_encoder_seed42_20260608_051125_S7F_R2_family_aware_context_encoder,S7F_R2_family_aware_context_encoder,graph_c_gatv2_family_aware_target_context_encoder,family_aware,gatv2_graph_c_sprint7f_family_aware_context_encoder,graph_c_context_observation,11,0.07162293046712875,0.19218593835830688,0.9136470251083757,0.0005,validation
sprint7f_target_context_encoder_seed42_20260608_051125_S7F_R2_family_aware_context_encoder,S7F_R2_family_aware_context_encoder,graph_c_gatv2_family_aware_target_context_encoder,family_aware,gatv2_graph_c_sprint7f_family_aware_context_encoder,graph_c_context_observation,12,0.07138309627771378,0.18387839198112488,0.9160180646303945,0.0005,validation
sprint7f_target_context_encoder_seed42_20260608_051125_S7F_R2_family_aware_context_encoder,S7F_R2_family_aware_context_encoder,graph_c_gatv2_family_aware_target_context_encoder,family_aware,gatv2_graph_c_sprint7f_family_aware_context_encoder,graph_c_context_observation,13,0.06850844621658325,0.18196529150009155,0.9196944643707958,0.0005,validation
sprint7f_target_context_encoder_seed42_20260608_051125_S7F_R2_family_aware_context_encoder,S7F_R2_family_aware_context_encoder,graph_c_gatv2_family_aware_target_context_encoder,family_aware,gatv2_graph_c_sprint7f_family_aware_context_encoder,graph_c_context_observation,14,0.06979075819253922,0.18655405938625336,0.9243970473413046,0.00025,validation
sprint7f_target_context_encoder_seed42_20260608_051125_S7F_R2_family_aware_context_encoder,S7F_R2_family_aware_context_encoder,graph_c_gatv2_family_aware_target_context_encoder,family_aware,gatv2_graph_c_sprint7f_family_aware_context_encoder,graph_c_context_observation,15,0.0683833584189415,0.19179114699363708,0.9273138001141055,0.00025,validation
sprint7f_target_context_encoder_seed42_20260608_051125_S7F_R2_family_aware_context_encoder,S7F_R2_family_aware_context_encoder,graph_c_gatv2_family_aware_target_context_encoder,family_aware,gatv2_graph_c_sprint7f_family_aware_context_encoder,graph_c_context_observation,16,0.06653251498937607,0.1984100341796875,0.9308025748660471,0.00025,validation
sprint7f_target_context_encoder_seed42_20260608_051125_S7F_R2_family_aware_context_encoder,S7F_R2_family_aware_context_encoder,graph_c_gatv2_family_aware_target_context_encoder,family_aware,gatv2_graph_c_sprint7f_family_aware_context_encoder,graph_c_context_observation,17,0.06404663622379303,0.20467962324619293,0.9344350030368737,0.00025,validation
sprint7f_target_context_encoder_seed42_20260608_051125_S7F_R2_family_aware_context_encoder,S7F_R2_family_aware_context_encoder,graph_c_gatv2_family_aware_target_context_encoder,family_aware,gatv2_graph_c_sprint7f_family_aware_context_encoder,graph_c_context_observation,18,0.0655115470290184,0.20995722711086273,0.9390076569282787,0.00025,validation
sprint7f_target_context_encoder_seed42_20260608_051125_S7F_R2_family_aware_context_encoder,S7F_R2_family_aware_context_encoder,graph_c_gatv2_family_aware_target_context_encoder,family_aware,gatv2_graph_c_sprint7f_family_aware_context_encoder,graph_c_context_observation,19,0.06359473615884781,0.21346168220043182,0.9438344223812665,0.00025,validation
sprint7f_target_context_encoder_seed42_20260608_051125_S7F_R2_family_aware_context_encoder,S7F_R2_family_aware_context_encoder,graph_c_gatv2_family_aware_target_context_encoder,family_aware,gatv2_graph_c_sprint7f_family_aware_context_encoder,graph_c_context_observation,20,0.06559117138385773,0.21514686942100525,0.9489437652305729,0.00025,validation
sprint7f_target_context_encoder_seed42_20260608_051125_S7F_R2_family_aware_context_encoder,S7F_R2_family_aware_context_encoder,graph_c_gatv2_family_aware_target_context_encoder,family_aware,gatv2_graph_c_sprint7f_family_aware_context_encoder,graph_c_context_observation,21,0.0623050257563591,0.21581561863422394,0.9540183307977099,0.00025,validation
sprint7f_target_context_encoder_seed42_20260608_051125_S7F_R2_family_aware_context_encoder,S7F_R2_family_aware_context_encoder,graph_c_gatv2_family_aware_target_context_encoder,family_aware,gatv2_graph_c_sprint7f_family_aware_context_encoder,graph_c_context_observation,22,0.06390485167503357,0.2143079787492752,0.9583136809513454,0.00025,validation
sprint7f_target_context_encoder_seed42_20260608_051125_S7F_R2_family_aware_context_encoder,S7F_R2_family_aware_context_encoder,graph_c_gatv2_family_aware_target_context_encoder,family_aware,gatv2_graph_c_sprint7f_family_aware_context_encoder,graph_c_context_observation,23,0.06430160254240036,0.21168039739131927,0.9620824771671174,0.00025,validation
sprint7f_target_context_encoder_seed42_20260608_051125_S7F_R2_family_aware_context_encoder,S7F_R2_family_aware_context_encoder,graph_c_gatv2_family_aware_target_context_encoder,family_aware,gatv2_graph_c_sprint7f_family_aware_context_encoder,graph_c_context_observation,24,0.06038618087768555,0.2077808529138565,0.965318112288418,0.00025,validation
sprint7f_target_context_encoder_seed42_20260608_051125_S7F_R2_family_aware_context_encoder,S7F_R2_family_aware_context_encoder,graph_c_gatv2_family_aware_target_context_encoder,family_aware,gatv2_graph_c_sprint7f_family_aware_context_encoder,graph_c_context_observation,25,0.06192205101251602,0.2018018215894699,0.9680885376389782,0.00025,validation
sprint7f_target_context_encoder_seed42_20260608_051125_S7F_R2_family_aware_context_encoder,S7F_R2_family_aware_context_encoder,graph_c_gatv2_family_aware_target_context_encoder,family_aware,gatv2_graph_c_sprint7f_family_aware_context_encoder,graph_c_context_observation,26,0.06031683087348938,0.19476068019866943,0.9705572413268541,0.00025,validation
sprint7f_target_context_encoder_seed42_20260608_051125_S7F_R2_family_aware_context_encoder,S7F_R2_family_aware_context_encoder,graph_c_gatv2_family_aware_target_context_encoder,family_aware,gatv2_graph_c_sprint7f_family_aware_context_encoder,graph_c_context_observation,27,0.06307113170623779,0.1878700703382492,0.9727211033492759,0.00025,validation
sprint7f_target_context_encoder_seed42_20260608_051125_S7F_R2_family_aware_context_encoder,S7F_R2_family_aware_context_encoder,graph_c_gatv2_family_aware_target_context_encoder,family_aware,gatv2_graph_c_sprint7f_family_aware_context_encoder,graph_c_context_observation,28,0.05981885641813278,0.18321947753429413,0.9742934716461533,0.00025,validation
sprint7f_target_context_encoder_seed42_20260608_051125_S7F_R2_family_aware_context_encoder,S7F_R2_family_aware_context_encoder,graph_c_gatv2_family_aware_target_context_encoder,family_aware,gatv2_graph_c_sprint7f_family_aware_context_encoder,graph_c_context_observation,29,0.06056687980890274,0.18053038418293,0.9753697243100852,0.00025,validation
sprint7f_target_context_encoder_seed42_20260608_051125_S7F_R2_family_aware_context_encoder,S7F_R2_family_aware_context_encoder,graph_c_gatv2_family_aware_target_context_encoder,family_aware,gatv2_graph_c_sprint7f_family_aware_context_encoder,graph_c_context_observation,30,0.06076839193701744,0.17962156236171722,0.9762312717257455,0.00025,validation
sprint7f_target_context_encoder_seed42_20260608_051125_S7F_R2_family_aware_context_encoder,S7F_R2_family_aware_context_encoder,graph_c_gatv2_family_aware_target_context_encoder,family_aware,gatv2_graph_c_sprint7f_family_aware_context_encoder,graph_c_context_observation,31,0.0586576834321022,0.17842929065227509,0.9768172481971809,0.00025,validation
sprint7f_target_context_encoder_seed42_20260608_051125_S7F_R2_family_aware_context_encoder,S7F_R2_family_aware_context_encoder,graph_c_gatv2_family_aware_target_context_encoder,family_aware,gatv2_graph_c_sprint7f_family_aware_context_encoder,graph_c_context_observation,32,0.0592009462416172,0.1789853572845459,0.9771743931903035,0.00025,validation
sprint7f_target_context_encoder_seed42_20260608_051125_S7F_R2_family_aware_context_encoder,S7F_R2_family_aware_context_encoder,graph_c_gatv2_family_aware_target_context_encoder,family_aware,gatv2_graph_c_sprint7f_family_aware_context_encoder,graph_c_context_observation,33,0.059064194560050964,0.17930449545383453,0.9774434821983804,0.00025,validation
sprint7f_target_context_encoder_seed42_20260608_051125_S7F_R2_family_aware_context_encoder,S7F_R2_family_aware_context_encoder,graph_c_gatv2_family_aware_target_context_encoder,family_aware,gatv2_graph_c_sprint7f_family_aware_context_encoder,graph_c_context_observation,34,0.05877494066953659,0.18052582442760468,0.9775413506087288,0.00025,validation
sprint7f_target_context_encoder_seed42_20260608_051125_S7F_R2_family_aware_context_encoder,S7F_R2_family_aware_context_encoder,graph_c_gatv2_family_aware_target_context_encoder,family_aware,gatv2_graph_c_sprint7f_family_aware_context_encoder,graph_c_context_observation,35,0.05861635506153107,0.1825847625732422,0.9774448339080973,0.00025,validation
sprint7f_target_context_encoder_seed42_20260608_051125_S7F_R2_family_aware_context_encoder,S7F_R2_family_aware_context_encoder,graph_c_gatv2_family_aware_target_context_encoder,family_aware,gatv2_graph_c_sprint7f_family_aware_context_encoder,graph_c_context_observation,36,0.05670693516731262,0.1843743771314621,0.9773463267478677,0.00025,validation
sprint7f_target_context_encoder_seed42_20260608_051125_S7F_R2_family_aware_context_encoder,S7F_R2_family_aware_context_encoder,graph_c_gatv2_family_aware_target_context_encoder,family_aware,gatv2_graph_c_sprint7f_family_aware_context_encoder,graph_c_context_observation,37,0.05784531310200691,0.18674778938293457,0.977242471915305,0.00025,validation
sprint7f_target_context_encoder_seed42_20260608_051125_S7F_R2_family_aware_context_encoder,S7F_R2_family_aware_context_encoder,graph_c_gatv2_family_aware_target_context_encoder,family_aware,gatv2_graph_c_sprint7f_family_aware_context_encoder,graph_c_context_observation,38,0.05801789090037346,0.19017554819583893,0.9769922896938631,0.00025,validation
sprint7f_target_context_encoder_seed42_20260608_051125_S7F_R2_family_aware_context_encoder,S7F_R2_family_aware_context_encoder,graph_c_gatv2_family_aware_target_context_encoder,family_aware,gatv2_graph_c_sprint7f_family_aware_context_encoder,graph_c_context_observation,39,0.057569846510887146,0.19169308245182037,0.9769531060868517,0.00025,validation
sprint7f_target_context_encoder_seed42_20260608_051125_S7F_R2_family_aware_context_encoder,S7F_R2_family_aware_context_encoder,graph_c_gatv2_family_aware_target_context_encoder,family_aware,gatv2_graph_c_sprint7f_family_aware_context_encoder,graph_c_context_observation,40,0.05733570456504822,0.19106990098953247,0.9770210757134563,0.000125,validation
sprint7f_target_context_encoder_seed42_20260608_051125_S7F_R2_family_aware_context_encoder,S7F_R2_family_aware_context_encoder,graph_c_gatv2_family_aware_target_context_encoder,family_aware,gatv2_graph_c_sprint7f_family_aware_context_encoder,graph_c_context_observation,41,0.057151149958372116,0.1900121569633484,0.9770413664506037,0.000125,validation
sprint7f_target_context_encoder_seed42_20260608_051125_S7F_R2_family_aware_context_encoder,S7F_R2_family_aware_context_encoder,graph_c_gatv2_family_aware_target_context_encoder,family_aware,gatv2_graph_c_sprint7f_family_aware_context_encoder,graph_c_context_observation,42,0.05568208545446396,0.18881277740001678,0.9771479654107929,0.000125,validation
sprint7f_target_context_encoder_seed42_20260608_051125_S7F_R2_family_aware_context_encoder,S7F_R2_family_aware_context_encoder,graph_c_gatv2_family_aware_target_context_encoder,family_aware,gatv2_graph_c_sprint7f_family_aware_context_encoder,graph_c_context_observation,43,0.05534743890166283,0.18788327276706696,0.9771947199738197,0.000125,validation
sprint7f_target_context_encoder_seed42_20260608_051125_S7F_R2_family_aware_context_encoder,S7F_R2_family_aware_context_encoder,graph_c_gatv2_family_aware_target_context_encoder,family_aware,gatv2_graph_c_sprint7f_family_aware_context_encoder,graph_c_context_observation,44,0.05504731461405754,0.18687982857227325,0.9772605113693869,0.000125,validation
sprint7f_target_context_encoder_seed42_20260608_051125_S7F_R2_family_aware_context_encoder,S7F_R2_family_aware_context_encoder,graph_c_gatv2_family_aware_target_context_encoder,family_aware,gatv2_graph_c_sprint7f_family_aware_context_encoder,graph_c_context_observation,45,0.05469994992017746,0.18595774471759796,0.9773038141364492,0.000125,validation
sprint7f_target_context_encoder_seed42_20260608_051125_S7F_R2_family_aware_context_encoder,S7F_R2_family_aware_context_encoder,graph_c_gatv2_family_aware_target_context_encoder,family_aware,gatv2_graph_c_sprint7f_family_aware_context_encoder,graph_c_context_observation,46,0.0549270436167717,0.18450254201889038,0.9774342624308539,6.25e-05,validation
sprint7f_target_context_encoder_seed42_20260608_051125_S7F_R2_family_aware_context_encoder,S7F_R2_family_aware_context_encoder,graph_c_gatv2_family_aware_target_context_encoder,family_aware,gatv2_graph_c_sprint7f_family_aware_context_encoder,graph_c_context_observation,47,0.055190443992614746,0.18397480249404907,0.9775052067618011,6.25e-05,validation
sprint7f_target_context_encoder_seed42_20260608_051125_S7F_R2_family_aware_context_encoder,S7F_R2_family_aware_context_encoder,graph_c_gatv2_family_aware_target_context_encoder,family_aware,gatv2_graph_c_sprint7f_family_aware_context_encoder,graph_c_context_observation,48,0.05544240027666092,0.18376366794109344,0.9775119747373373,6.25e-05,validation
sprint7f_target_context_encoder_seed42_20260608_051125_S7F_R2_family_aware_context_encoder,S7F_R2_family_aware_context_encoder,graph_c_gatv2_family_aware_target_context_encoder,family_aware,gatv2_graph_c_sprint7f_family_aware_context_encoder,graph_c_context_observation,49,0.054144393652677536,0.18335485458374023,0.9774872658252642,6.25e-05,validation
