run_id,predeclared_run_id,architecture,model_name,graph_schema,epoch,train_loss,val_loss,val_auprc,lr,selection_split
sprint7_gat_gatv2_seed42_20260607_153444_S7R1_gat_edge_aware,S7R1_gat_edge_aware,gat,gat_graph_a_sprint7_edge_aware,graph_a_minimal_physical_target,1,0.16832728683948517,0.17104248702526093,0.9046731013594658,0.001,validation
sprint7_gat_gatv2_seed42_20260607_153444_S7R1_gat_edge_aware,S7R1_gat_edge_aware,gat,gat_graph_a_sprint7_edge_aware,graph_a_minimal_physical_target,2,0.12916314601898193,0.17011092603206635,0.9042118506164405,0.001,validation
sprint7_gat_gatv2_seed42_20260607_153444_S7R1_gat_edge_aware,S7R1_gat_edge_aware,gat,gat_graph_a_sprint7_edge_aware,graph_a_minimal_physical_target,3,0.10518864542245865,0.17756597697734833,0.9007259692231833,0.001,validation
sprint7_gat_gatv2_seed42_20260607_153444_S7R1_gat_edge_aware,S7R1_gat_edge_aware,gat,gat_graph_a_sprint7_edge_aware,graph_a_minimal_physical_target,4,0.09667571634054184,0.19516076147556305,0.8945726007400278,0.001,validation
sprint7_gat_gatv2_seed42_20260607_153444_S7R1_gat_edge_aware,S7R1_gat_edge_aware,gat,gat_graph_a_sprint7_edge_aware,graph_a_minimal_physical_target,5,0.08534204214811325,0.21363502740859985,0.8873738082104599,0.001,validation
sprint7_gat_gatv2_seed42_20260607_153444_S7R1_gat_edge_aware,S7R1_gat_edge_aware,gat,gat_graph_a_sprint7_edge_aware,graph_a_minimal_physical_target,6,0.08032045513391495,0.21690168976783752,0.8800903290195436,0.001,validation
sprint7_gat_gatv2_seed42_20260607_153444_S7R1_gat_edge_aware,S7R1_gat_edge_aware,gat,gat_graph_a_sprint7_edge_aware,graph_a_minimal_physical_target,7,0.07536870986223221,0.2083454132080078,0.8747904629073484,0.0005,validation
sprint7_gat_gatv2_seed42_20260607_153444_S7R1_gat_edge_aware,S7R1_gat_edge_aware,gat,gat_graph_a_sprint7_edge_aware,graph_a_minimal_physical_target,8,0.07374327629804611,0.19957031309604645,0.8759106600489972,0.0005,validation
sprint7_gat_gatv2_seed42_20260607_153444_S7R1_gat_edge_aware,S7R1_gat_edge_aware,gat,gat_graph_a_sprint7_edge_aware,graph_a_minimal_physical_target,9,0.07231022417545319,0.19368956983089447,0.8781459078427382,0.0005,validation
sprint7_gat_gatv2_seed42_20260607_153444_S7R1_gat_edge_aware,S7R1_gat_edge_aware,gat,gat_graph_a_sprint7_edge_aware,graph_a_minimal_physical_target,10,0.07060573250055313,0.18807683885097504,0.8827497445193881,0.0005,validation
sprint7_gat_gatv2_seed42_20260607_153444_S7R1_gat_edge_aware,S7R1_gat_edge_aware,gat,gat_graph_a_sprint7_edge_aware,graph_a_minimal_physical_target,11,0.07277841120958328,0.18940295279026031,0.88473687562981,0.0005,validation
sprint7_gat_gatv2_seed42_20260607_153444_S7R1_gat_edge_aware,S7R1_gat_edge_aware,gat,gat_graph_a_sprint7_edge_aware,graph_a_minimal_physical_target,12,0.07081888616085052,0.19400718808174133,0.8886978773561163,0.0005,validation
sprint7_gat_gatv2_seed42_20260607_153444_S7R1_gat_edge_aware,S7R1_gat_edge_aware,gat,gat_graph_a_sprint7_edge_aware,graph_a_minimal_physical_target,13,0.06852675974369049,0.19892527163028717,0.894212831988838,0.00025,validation
sprint7_gat_gatv2_seed42_20260607_153444_S7R1_gat_edge_aware,S7R1_gat_edge_aware,gat,gat_graph_a_sprint7_edge_aware,graph_a_minimal_physical_target,14,0.06825026124715805,0.19850067794322968,0.8979784947296,0.00025,validation
sprint7_gat_gatv2_seed42_20260607_153444_S7R1_gat_edge_aware,S7R1_gat_edge_aware,gat,gat_graph_a_sprint7_edge_aware,graph_a_minimal_physical_target,15,0.06590228527784348,0.1956281065940857,0.9024069992680108,0.00025,validation
sprint7_gat_gatv2_seed42_20260607_153444_S7R1_gat_edge_aware,S7R1_gat_edge_aware,gat,gat_graph_a_sprint7_edge_aware,graph_a_minimal_physical_target,16,0.06432484090328217,0.1925530880689621,0.9081190888457283,0.00025,validation
sprint7_gat_gatv2_seed42_20260607_153444_S7R1_gat_edge_aware,S7R1_gat_edge_aware,gat,gat_graph_a_sprint7_edge_aware,graph_a_minimal_physical_target,17,0.06550921499729156,0.18777267634868622,0.913702062033132,0.00025,validation
sprint7_gat_gatv2_seed42_20260607_153444_S7R1_gat_edge_aware,S7R1_gat_edge_aware,gat,gat_graph_a_sprint7_edge_aware,graph_a_minimal_physical_target,18,0.06235532462596893,0.18309162557125092,0.9194286597286125,0.00025,validation
sprint7_gat_gatv2_seed42_20260607_153444_S7R1_gat_edge_aware,S7R1_gat_edge_aware,gat,gat_graph_a_sprint7_edge_aware,graph_a_minimal_physical_target,19,0.06317413598299026,0.17713971436023712,0.9253081579284981,0.00025,validation
sprint7_gat_gatv2_seed42_20260607_153444_S7R1_gat_edge_aware,S7R1_gat_edge_aware,gat,gat_graph_a_sprint7_edge_aware,graph_a_minimal_physical_target,20,0.0638575553894043,0.17317038774490356,0.9296723958392451,0.00025,validation
sprint7_gat_gatv2_seed42_20260607_153444_S7R1_gat_edge_aware,S7R1_gat_edge_aware,gat,gat_graph_a_sprint7_edge_aware,graph_a_minimal_physical_target,21,0.06295153498649597,0.16994024813175201,0.9335169825418759,0.00025,validation
sprint7_gat_gatv2_seed42_20260607_153444_S7R1_gat_edge_aware,S7R1_gat_edge_aware,gat,gat_graph_a_sprint7_edge_aware,graph_a_minimal_physical_target,22,0.06145119667053223,0.1675119698047638,0.9370900766141115,0.00025,validation
sprint7_gat_gatv2_seed42_20260607_153444_S7R1_gat_edge_aware,S7R1_gat_edge_aware,gat,gat_graph_a_sprint7_edge_aware,graph_a_minimal_physical_target,23,0.06188206374645233,0.166501984000206,0.9394705092578167,0.00025,validation
sprint7_gat_gatv2_seed42_20260607_153444_S7R1_gat_edge_aware,S7R1_gat_edge_aware,gat,gat_graph_a_sprint7_edge_aware,graph_a_minimal_physical_target,24,0.06121385097503662,0.1680593490600586,0.9399060934966077,0.00025,validation
sprint7_gat_gatv2_seed42_20260607_153444_S7R1_gat_edge_aware,S7R1_gat_edge_aware,gat,gat_graph_a_sprint7_edge_aware,graph_a_minimal_physical_target,25,0.062995046377182,0.17186971008777618,0.9382326479573964,0.00025,validation
sprint7_gat_gatv2_seed42_20260607_153444_S7R1_gat_edge_aware,S7R1_gat_edge_aware,gat,gat_graph_a_sprint7_edge_aware,graph_a_minimal_physical_target,26,0.06113334745168686,0.17409038543701172,0.9367150697291664,0.00025,validation
sprint7_gat_gatv2_seed42_20260607_153444_S7R1_gat_edge_aware,S7R1_gat_edge_aware,gat,gat_graph_a_sprint7_edge_aware,graph_a_minimal_physical_target,27,0.0597272627055645,0.17522606253623962,0.9352779418407529,0.00025,validation
sprint7_gat_gatv2_seed42_20260607_153444_S7R1_gat_edge_aware,S7R1_gat_edge_aware,gat,gat_graph_a_sprint7_edge_aware,graph_a_minimal_physical_target,28,0.06223500892519951,0.17386743426322937,0.9348166324320467,0.00025,validation
sprint7_gat_gatv2_seed42_20260607_153444_S7R1_gat_edge_aware,S7R1_gat_edge_aware,gat,gat_graph_a_sprint7_edge_aware,graph_a_minimal_physical_target,29,0.0605572871863842,0.17169815301895142,0.9344186286195615,0.00025,validation
sprint7_gat_gatv2_seed42_20260607_153444_S7R1_gat_edge_aware,S7R1_gat_edge_aware,gat,gat_graph_a_sprint7_edge_aware,graph_a_minimal_physical_target,30,0.05771271511912346,0.16923415660858154,0.9339907495195142,0.000125,validation
sprint7_gat_gatv2_seed42_20260607_153444_S7R1_gat_edge_aware,S7R1_gat_edge_aware,gat,gat_graph_a_sprint7_edge_aware,graph_a_minimal_physical_target,31,0.06082901731133461,0.16800467669963837,0.9339404917040453,0.000125,validation
sprint7_gat_gatv2_seed42_20260607_153444_S7R1_gat_edge_aware,S7R1_gat_edge_aware,gat,gat_graph_a_sprint7_edge_aware,graph_a_minimal_physical_target,32,0.0601542666554451,0.16657409071922302,0.9343423063247016,0.000125,validation
sprint7_gat_gatv2_seed42_20260607_153444_S7R1_gat_edge_aware,S7R1_gat_edge_aware,gat,gat_graph_a_sprint7_edge_aware,graph_a_minimal_physical_target,33,0.059519972652196884,0.16588911414146423,0.9350584065229178,0.000125,validation
sprint7_gat_gatv2_seed42_20260607_153444_S7R1_gat_edge_aware,S7R1_gat_edge_aware,gat,gat_graph_a_sprint7_edge_aware,graph_a_minimal_physical_target,34,0.06114387884736061,0.16522938013076782,0.9362173809591854,0.000125,validation
sprint7_gat_gatv2_seed42_20260607_153444_S7R1_gat_edge_aware,S7R1_gat_edge_aware,gat,gat_graph_a_sprint7_edge_aware,graph_a_minimal_physical_target,35,0.059542130678892136,0.1654675304889679,0.9371522301403465,0.000125,validation
sprint7_gat_gatv2_seed42_20260607_153444_S7R1_gat_edge_aware,S7R1_gat_edge_aware,gat,gat_graph_a_sprint7_edge_aware,graph_a_minimal_physical_target,36,0.06034222990274429,0.16601505875587463,0.9381764871932767,6.25e-05,validation
sprint7_gat_gatv2_seed42_20260607_153444_S7R1_gat_edge_aware,S7R1_gat_edge_aware,gat,gat_graph_a_sprint7_edge_aware,graph_a_minimal_physical_target,37,0.060128048062324524,0.16634342074394226,0.9386029292451854,6.25e-05,validation
sprint7_gat_gatv2_seed42_20260607_153444_S7R1_gat_edge_aware,S7R1_gat_edge_aware,gat,gat_graph_a_sprint7_edge_aware,graph_a_minimal_physical_target,38,0.059034302830696106,0.16665926575660706,0.9391859974568666,6.25e-05,validation
sprint7_gat_gatv2_seed42_20260607_153444_S7R1_gat_edge_aware,S7R1_gat_edge_aware,gat,gat_graph_a_sprint7_edge_aware,graph_a_minimal_physical_target,39,0.05897621810436249,0.16724400222301483,0.939910793522344,6.25e-05,validation
sprint7_gat_gatv2_seed42_20260607_153444_S7R1_gat_edge_aware,S7R1_gat_edge_aware,gat,gat_graph_a_sprint7_edge_aware,graph_a_minimal_physical_target,40,0.060784973204135895,0.16740457713603973,0.9408670850854945,6.25e-05,validation
sprint7_gat_gatv2_seed42_20260607_153444_S7R1_gat_edge_aware,S7R1_gat_edge_aware,gat,gat_graph_a_sprint7_edge_aware,graph_a_minimal_physical_target,41,0.05874131992459297,0.16746987402439117,0.9414186221206969,6.25e-05,validation
sprint7_gat_gatv2_seed42_20260607_153444_S7R1_gat_edge_aware,S7R1_gat_edge_aware,gat,gat_graph_a_sprint7_edge_aware,graph_a_minimal_physical_target,42,0.05991038307547569,0.16754399240016937,0.9421279063405121,6.25e-05,validation
sprint7_gat_gatv2_seed42_20260607_153444_S7R1_gat_edge_aware,S7R1_gat_edge_aware,gat,gat_graph_a_sprint7_edge_aware,graph_a_minimal_physical_target,43,0.059213098138570786,0.16711224615573883,0.9429030805651017,6.25e-05,validation
sprint7_gat_gatv2_seed42_20260607_153444_S7R1_gat_edge_aware,S7R1_gat_edge_aware,gat,gat_graph_a_sprint7_edge_aware,graph_a_minimal_physical_target,44,0.06000383198261261,0.16651110351085663,0.9436857160955758,6.25e-05,validation
sprint7_gat_gatv2_seed42_20260607_153444_S7R1_gat_edge_aware,S7R1_gat_edge_aware,gat,gat_graph_a_sprint7_edge_aware,graph_a_minimal_physical_target,45,0.05786283686757088,0.1656908541917801,0.9446286109843192,6.25e-05,validation
sprint7_gat_gatv2_seed42_20260607_153444_S7R1_gat_edge_aware,S7R1_gat_edge_aware,gat,gat_graph_a_sprint7_edge_aware,graph_a_minimal_physical_target,46,0.057679589837789536,0.16510744392871857,0.9455014087949571,6.25e-05,validation
sprint7_gat_gatv2_seed42_20260607_153444_S7R1_gat_edge_aware,S7R1_gat_edge_aware,gat,gat_graph_a_sprint7_edge_aware,graph_a_minimal_physical_target,47,0.05918630212545395,0.16388671100139618,0.9463918683079855,6.25e-05,validation
sprint7_gat_gatv2_seed42_20260607_153444_S7R1_gat_edge_aware,S7R1_gat_edge_aware,gat,gat_graph_a_sprint7_edge_aware,graph_a_minimal_physical_target,48,0.0584588497877121,0.1634593904018402,0.9469551652396584,6.25e-05,validation
sprint7_gat_gatv2_seed42_20260607_153444_S7R1_gat_edge_aware,S7R1_gat_edge_aware,gat,gat_graph_a_sprint7_edge_aware,graph_a_minimal_physical_target,49,0.060313764959573746,0.1627717763185501,0.9474227097137056,6.25e-05,validation
sprint7_gat_gatv2_seed42_20260607_153444_S7R1_gat_edge_aware,S7R1_gat_edge_aware,gat,gat_graph_a_sprint7_edge_aware,graph_a_minimal_physical_target,50,0.057320695370435715,0.16281580924987793,0.9478502404235332,6.25e-05,validation
sprint7_gat_gatv2_seed42_20260607_153444_S7R1_gat_edge_aware,S7R1_gat_edge_aware,gat,gat_graph_a_sprint7_edge_aware,graph_a_minimal_physical_target,51,0.058306984603405,0.1625928282737732,0.9481155747330379,6.25e-05,validation
sprint7_gat_gatv2_seed42_20260607_153444_S7R1_gat_edge_aware,S7R1_gat_edge_aware,gat,gat_graph_a_sprint7_edge_aware,graph_a_minimal_physical_target,52,0.05824078992009163,0.16231824457645416,0.9482745498496272,6.25e-05,validation
sprint7_gat_gatv2_seed42_20260607_153444_S7R1_gat_edge_aware,S7R1_gat_edge_aware,gat,gat_graph_a_sprint7_edge_aware,graph_a_minimal_physical_target,53,0.05986599996685982,0.16183562576770782,0.9482181923412841,6.25e-05,validation
sprint7_gat_gatv2_seed42_20260607_153444_S7R1_gat_edge_aware,S7R1_gat_edge_aware,gat,gat_graph_a_sprint7_edge_aware,graph_a_minimal_physical_target,54,0.05756601691246033,0.16116845607757568,0.9480988502124759,6.25e-05,validation
sprint7_gat_gatv2_seed42_20260607_153444_S7R1_gat_edge_aware,S7R1_gat_edge_aware,gat,gat_graph_a_sprint7_edge_aware,graph_a_minimal_physical_target,55,0.05608837679028511,0.16032706201076508,0.9479196476234848,6.25e-05,validation
sprint7_gat_gatv2_seed42_20260607_153444_S7R1_gat_edge_aware,S7R1_gat_edge_aware,gat,gat_graph_a_sprint7_edge_aware,graph_a_minimal_physical_target,56,0.05770109221339226,0.15929670631885529,0.9479291979016873,6.25e-05,validation
sprint7_gat_gatv2_seed42_20260607_153444_S7R1_gat_edge_aware,S7R1_gat_edge_aware,gat,gat_graph_a_sprint7_edge_aware,graph_a_minimal_physical_target,57,0.05729202926158905,0.1579454392194748,0.9481142898938542,6.25e-05,validation
sprint7_gat_gatv2_seed42_20260607_153444_S7R1_gat_edge_aware,S7R1_gat_edge_aware,gat,gat_graph_a_sprint7_edge_aware,graph_a_minimal_physical_target,58,0.0570400096476078,0.15703444182872772,0.9480050449845742,3.125e-05,validation
sprint7_gat_gatv2_seed42_20260607_153444_S7R1_gat_edge_aware,S7R1_gat_edge_aware,gat,gat_graph_a_sprint7_edge_aware,graph_a_minimal_physical_target,59,0.05929796025156975,0.1566055417060852,0.9478619401147533,3.125e-05,validation
sprint7_gat_gatv2_seed42_20260607_153444_S7R1_gat_edge_aware,S7R1_gat_edge_aware,gat,gat_graph_a_sprint7_edge_aware,graph_a_minimal_physical_target,60,0.05801929906010628,0.15652808547019958,0.947952923161463,3.125e-05,validation
sprint7_gat_gatv2_seed42_20260607_153444_S7R1_gat_edge_aware,S7R1_gat_edge_aware,gat,gat_graph_a_sprint7_edge_aware,graph_a_minimal_physical_target,61,0.05737282708287239,0.15638448297977448,0.9479878980937859,3.125e-05,validation
sprint7_gat_gatv2_seed42_20260607_153444_S7R1_gat_edge_aware,S7R1_gat_edge_aware,gat,gat_graph_a_sprint7_edge_aware,graph_a_minimal_physical_target,62,0.056003421545028687,0.15619951486587524,0.9481006772813907,3.125e-05,validation
sprint7_gat_gatv2_seed42_20260607_153444_S7R1_gat_edge_aware,S7R1_gat_edge_aware,gat,gat_graph_a_sprint7_edge_aware,graph_a_minimal_physical_target,63,0.05668282508850098,0.15618763864040375,0.9481388410038718,3.125e-05,validation
sprint7_gat_gatv2_seed42_20260607_153444_S7R1_gat_edge_aware,S7R1_gat_edge_aware,gat,gat_graph_a_sprint7_edge_aware,graph_a_minimal_physical_target,64,0.058239590376615524,0.1564948409795761,0.9481219609128568,1.5625e-05,validation
sprint7_gat_gatv2_seed42_20260607_153444_S7R1_gat_edge_aware,S7R1_gat_edge_aware,gat,gat_graph_a_sprint7_edge_aware,graph_a_minimal_physical_target,65,0.059294071048498154,0.15667030215263367,0.9481268833474155,1.5625e-05,validation
sprint7_gat_gatv2_seed42_20260607_153444_S7R1_gat_edge_aware,S7R1_gat_edge_aware,gat,gat_graph_a_sprint7_edge_aware,graph_a_minimal_physical_target,66,0.055368583649396896,0.15710723400115967,0.9481074037181472,1.5625e-05,validation
sprint7_gat_gatv2_seed42_20260607_153444_S7R1_gat_edge_aware,S7R1_gat_edge_aware,gat,gat_graph_a_sprint7_edge_aware,graph_a_minimal_physical_target,67,0.05778413265943527,0.15729251503944397,0.9481516017513,1.5625e-05,validation
