run_id,predeclared_run_id,run_order,model_name,graph_schema,epoch,train_loss,val_loss,val_auprc,lr,selection_split
sprint9_multiseed_S8B_R2_seed123_S8B_R2_sequence_plus_context,S8B_R2_sequence_plus_context,1,gatv2_graph_c_sprint8b_sequence_plus_context,graph_c_context_observation,1,0.1645696610212326,0.1679314225912094,0.8649581786290181,0.001,validation
sprint9_multiseed_S8B_R2_seed123_S8B_R2_sequence_plus_context,S8B_R2_sequence_plus_context,1,gatv2_graph_c_sprint8b_sequence_plus_context,graph_c_context_observation,2,0.15271566808223724,0.17716501653194427,0.9281403024561143,0.001,validation
sprint9_multiseed_S8B_R2_seed123_S8B_R2_sequence_plus_context,S8B_R2_sequence_plus_context,1,gatv2_graph_c_sprint8b_sequence_plus_context,graph_c_context_observation,3,0.13584597408771515,0.1731107234954834,0.9562816367767789,0.001,validation
sprint9_multiseed_S8B_R2_seed123_S8B_R2_sequence_plus_context,S8B_R2_sequence_plus_context,1,gatv2_graph_c_sprint8b_sequence_plus_context,graph_c_context_observation,4,0.12965044379234314,0.14129935204982758,0.9681632701213316,0.001,validation
sprint9_multiseed_S8B_R2_seed123_S8B_R2_sequence_plus_context,S8B_R2_sequence_plus_context,1,gatv2_graph_c_sprint8b_sequence_plus_context,graph_c_context_observation,5,0.11777359992265701,0.13053829967975616,0.9718572139750049,0.001,validation
sprint9_multiseed_S8B_R2_seed123_S8B_R2_sequence_plus_context,S8B_R2_sequence_plus_context,1,gatv2_graph_c_sprint8b_sequence_plus_context,graph_c_context_observation,6,0.10419926792383194,0.12640725076198578,0.9700966100696531,0.001,validation
sprint9_multiseed_S8B_R2_seed123_S8B_R2_sequence_plus_context,S8B_R2_sequence_plus_context,1,gatv2_graph_c_sprint8b_sequence_plus_context,graph_c_context_observation,7,0.08830467611551285,0.12304593622684479,0.9700188480150689,0.001,validation
sprint9_multiseed_S8B_R2_seed123_S8B_R2_sequence_plus_context,S8B_R2_sequence_plus_context,1,gatv2_graph_c_sprint8b_sequence_plus_context,graph_c_context_observation,8,0.08254215121269226,0.11915206164121628,0.9718125721962908,0.001,validation
sprint9_multiseed_S8B_R2_seed123_S8B_R2_sequence_plus_context,S8B_R2_sequence_plus_context,1,gatv2_graph_c_sprint8b_sequence_plus_context,graph_c_context_observation,9,0.07730411738157272,0.12033718079328537,0.9736032936761667,0.001,validation
sprint9_multiseed_S8B_R2_seed123_S8B_R2_sequence_plus_context,S8B_R2_sequence_plus_context,1,gatv2_graph_c_sprint8b_sequence_plus_context,graph_c_context_observation,10,0.07166606932878494,0.13054852187633514,0.975024401881015,0.001,validation
sprint9_multiseed_S8B_R2_seed123_S8B_R2_sequence_plus_context,S8B_R2_sequence_plus_context,1,gatv2_graph_c_sprint8b_sequence_plus_context,graph_c_context_observation,11,0.07417231798171997,0.12627866864204407,0.979333053012766,0.001,validation
sprint9_multiseed_S8B_R2_seed123_S8B_R2_sequence_plus_context,S8B_R2_sequence_plus_context,1,gatv2_graph_c_sprint8b_sequence_plus_context,graph_c_context_observation,12,0.07004804909229279,0.11740566790103912,0.9822701282601847,0.001,validation
sprint9_multiseed_S8B_R2_seed123_S8B_R2_sequence_plus_context,S8B_R2_sequence_plus_context,1,gatv2_graph_c_sprint8b_sequence_plus_context,graph_c_context_observation,13,0.06509770452976227,0.11816057562828064,0.982566040431991,0.001,validation
sprint9_multiseed_S8B_R2_seed123_S8B_R2_sequence_plus_context,S8B_R2_sequence_plus_context,1,gatv2_graph_c_sprint8b_sequence_plus_context,graph_c_context_observation,14,0.06303070485591888,0.12265746295452118,0.9807578783495852,0.001,validation
sprint9_multiseed_S8B_R2_seed123_S8B_R2_sequence_plus_context,S8B_R2_sequence_plus_context,1,gatv2_graph_c_sprint8b_sequence_plus_context,graph_c_context_observation,15,0.06302756816148758,0.12669657170772552,0.9788761185445705,0.001,validation
sprint9_multiseed_S8B_R2_seed123_S8B_R2_sequence_plus_context,S8B_R2_sequence_plus_context,1,gatv2_graph_c_sprint8b_sequence_plus_context,graph_c_context_observation,16,0.062312230467796326,0.13813453912734985,0.9795248511356394,0.001,validation
sprint9_multiseed_S8B_R2_seed123_S8B_R2_sequence_plus_context,S8B_R2_sequence_plus_context,1,gatv2_graph_c_sprint8b_sequence_plus_context,graph_c_context_observation,17,0.061874937266111374,0.13611450791358948,0.9794253248276298,0.001,validation
sprint9_multiseed_S8B_R2_seed123_S8B_R2_sequence_plus_context,S8B_R2_sequence_plus_context,1,gatv2_graph_c_sprint8b_sequence_plus_context,graph_c_context_observation,18,0.06243082880973816,0.13799673318862915,0.9812612650122027,0.001,validation
sprint9_multiseed_S8B_R2_seed123_S8B_R2_sequence_plus_context,S8B_R2_sequence_plus_context,1,gatv2_graph_c_sprint8b_sequence_plus_context,graph_c_context_observation,19,0.060523394495248795,0.13670632243156433,0.9835034204467517,0.001,validation
sprint9_multiseed_S8B_R2_seed123_S8B_R2_sequence_plus_context,S8B_R2_sequence_plus_context,1,gatv2_graph_c_sprint8b_sequence_plus_context,graph_c_context_observation,20,0.06007206067442894,0.12849897146224976,0.985085706401488,0.001,validation
sprint9_multiseed_S8B_R2_seed123_S8B_R2_sequence_plus_context,S8B_R2_sequence_plus_context,1,gatv2_graph_c_sprint8b_sequence_plus_context,graph_c_context_observation,21,0.05775332823395729,0.121122345328331,0.9863964882341172,0.001,validation
sprint9_multiseed_S8B_R2_seed123_S8B_R2_sequence_plus_context,S8B_R2_sequence_plus_context,1,gatv2_graph_c_sprint8b_sequence_plus_context,graph_c_context_observation,22,0.059035979211330414,0.12177839130163193,0.9865828510834294,0.001,validation
sprint9_multiseed_S8B_R2_seed123_S8B_R2_sequence_plus_context,S8B_R2_sequence_plus_context,1,gatv2_graph_c_sprint8b_sequence_plus_context,graph_c_context_observation,23,0.05753684788942337,0.11618150025606155,0.986578534350272,0.001,validation
sprint9_multiseed_S8B_R2_seed123_S8B_R2_sequence_plus_context,S8B_R2_sequence_plus_context,1,gatv2_graph_c_sprint8b_sequence_plus_context,graph_c_context_observation,24,0.05580010265111923,0.10715258866548538,0.986728537311288,0.001,validation
sprint9_multiseed_S8B_R2_seed123_S8B_R2_sequence_plus_context,S8B_R2_sequence_plus_context,1,gatv2_graph_c_sprint8b_sequence_plus_context,graph_c_context_observation,25,0.05488443374633789,0.1119675487279892,0.9863118184364741,0.001,validation
sprint9_multiseed_S8B_R2_seed123_S8B_R2_sequence_plus_context,S8B_R2_sequence_plus_context,1,gatv2_graph_c_sprint8b_sequence_plus_context,graph_c_context_observation,26,0.05366135388612747,0.11686339229345322,0.9859085448008673,0.001,validation
sprint9_multiseed_S8B_R2_seed123_S8B_R2_sequence_plus_context,S8B_R2_sequence_plus_context,1,gatv2_graph_c_sprint8b_sequence_plus_context,graph_c_context_observation,27,0.05391842871904373,0.11918850988149643,0.9858257590477263,0.001,validation
sprint9_multiseed_S8B_R2_seed123_S8B_R2_sequence_plus_context,S8B_R2_sequence_plus_context,1,gatv2_graph_c_sprint8b_sequence_plus_context,graph_c_context_observation,28,0.05335167795419693,0.11913120746612549,0.9859464571722805,0.001,validation
sprint9_multiseed_S8B_R2_seed123_S8B_R2_sequence_plus_context,S8B_R2_sequence_plus_context,1,gatv2_graph_c_sprint8b_sequence_plus_context,graph_c_context_observation,29,0.05221312493085861,0.11251725256443024,0.9863756492400252,0.001,validation
sprint9_multiseed_S8B_R2_seed123_S8B_R2_sequence_plus_context,S8B_R2_sequence_plus_context,1,gatv2_graph_c_sprint8b_sequence_plus_context,graph_c_context_observation,30,0.05119676515460014,0.1085306778550148,0.9866883691928717,0.0005,validation
sprint9_multiseed_S8B_R2_seed123_S8B_R2_sequence_plus_context,S8B_R2_sequence_plus_context,1,gatv2_graph_c_sprint8b_sequence_plus_context,graph_c_context_observation,31,0.05157756060361862,0.10448301583528519,0.986904610520121,0.0005,validation
sprint9_multiseed_S8B_R2_seed123_S8B_R2_sequence_plus_context,S8B_R2_sequence_plus_context,1,gatv2_graph_c_sprint8b_sequence_plus_context,graph_c_context_observation,32,0.05320248752832413,0.10291524976491928,0.9869469554642255,0.0005,validation
sprint9_multiseed_S8B_R2_seed123_S8B_R2_sequence_plus_context,S8B_R2_sequence_plus_context,1,gatv2_graph_c_sprint8b_sequence_plus_context,graph_c_context_observation,33,0.05116860568523407,0.10260342806577682,0.9869883981046403,0.0005,validation
sprint9_multiseed_S8B_R2_seed123_S8B_R2_sequence_plus_context,S8B_R2_sequence_plus_context,1,gatv2_graph_c_sprint8b_sequence_plus_context,graph_c_context_observation,34,0.051534514874219894,0.10346977412700653,0.9870220400158016,0.0005,validation
sprint9_multiseed_S8B_R2_seed123_S8B_R2_sequence_plus_context,S8B_R2_sequence_plus_context,1,gatv2_graph_c_sprint8b_sequence_plus_context,graph_c_context_observation,35,0.05141089856624603,0.10655780136585236,0.9868544573702944,0.0005,validation
sprint9_multiseed_S8B_R2_seed123_S8B_R2_sequence_plus_context,S8B_R2_sequence_plus_context,1,gatv2_graph_c_sprint8b_sequence_plus_context,graph_c_context_observation,36,0.0499638132750988,0.10866838693618774,0.9867233571317517,0.0005,validation
sprint9_multiseed_S8B_R2_seed123_S8B_R2_sequence_plus_context,S8B_R2_sequence_plus_context,1,gatv2_graph_c_sprint8b_sequence_plus_context,graph_c_context_observation,37,0.05112084746360779,0.11104832589626312,0.9865962043339123,0.0005,validation
sprint9_multiseed_S8B_R2_seed123_S8B_R2_sequence_plus_context,S8B_R2_sequence_plus_context,1,gatv2_graph_c_sprint8b_sequence_plus_context,graph_c_context_observation,38,0.05174616351723671,0.11080250889062881,0.9867091114650044,0.0005,validation
sprint9_multiseed_S8B_R2_seed123_S8B_R2_sequence_plus_context,S8B_R2_sequence_plus_context,1,gatv2_graph_c_sprint8b_sequence_plus_context,graph_c_context_observation,39,0.05013898015022278,0.10726717114448547,0.9870402362009103,0.0005,validation
sprint9_multiseed_S8B_R2_seed123_S8B_R2_sequence_plus_context,S8B_R2_sequence_plus_context,1,gatv2_graph_c_sprint8b_sequence_plus_context,graph_c_context_observation,40,0.049909479916095734,0.10560254752635956,0.9873036425818392,0.0005,validation
sprint9_multiseed_S8B_R2_seed123_S8B_R2_sequence_plus_context,S8B_R2_sequence_plus_context,1,gatv2_graph_c_sprint8b_sequence_plus_context,graph_c_context_observation,41,0.049219194799661636,0.10443096607923508,0.9875608823479173,0.0005,validation
sprint9_multiseed_S8B_R2_seed123_S8B_R2_sequence_plus_context,S8B_R2_sequence_plus_context,1,gatv2_graph_c_sprint8b_sequence_plus_context,graph_c_context_observation,42,0.05067775771021843,0.10797742754220963,0.9874081030061959,0.0005,validation
sprint9_multiseed_S8B_R2_seed123_S8B_R2_sequence_plus_context,S8B_R2_sequence_plus_context,1,gatv2_graph_c_sprint8b_sequence_plus_context,graph_c_context_observation,43,0.0481925867497921,0.11141946166753769,0.9872500737768388,0.0005,validation
sprint9_multiseed_S8B_R2_seed123_S8B_R2_sequence_plus_context,S8B_R2_sequence_plus_context,1,gatv2_graph_c_sprint8b_sequence_plus_context,graph_c_context_observation,44,0.0499405600130558,0.11629585176706314,0.9869270404799759,0.0005,validation
sprint9_multiseed_S8B_R2_seed123_S8B_R2_sequence_plus_context,S8B_R2_sequence_plus_context,1,gatv2_graph_c_sprint8b_sequence_plus_context,graph_c_context_observation,45,0.04936636611819267,0.1173408254981041,0.9868742333633889,0.0005,validation
sprint9_multiseed_S8B_R2_seed123_S8B_R2_sequence_plus_context,S8B_R2_sequence_plus_context,1,gatv2_graph_c_sprint8b_sequence_plus_context,graph_c_context_observation,46,0.0496167317032814,0.11616513878107071,0.9868353299026709,0.0005,validation
sprint9_multiseed_S8B_R2_seed123_S8B_R2_sequence_plus_context,S8B_R2_sequence_plus_context,1,gatv2_graph_c_sprint8b_sequence_plus_context,graph_c_context_observation,47,0.049261339008808136,0.1125655546784401,0.9868964640221108,0.00025,validation
sprint9_multiseed_S8B_R2_seed123_S8B_R2_sequence_plus_context,S8B_R2_sequence_plus_context,1,gatv2_graph_c_sprint8b_sequence_plus_context,graph_c_context_observation,48,0.04872561991214752,0.11064095050096512,0.9869581935002028,0.00025,validation
sprint9_multiseed_S8B_R2_seed123_S8B_R2_sequence_plus_context,S8B_R2_sequence_plus_context,1,gatv2_graph_c_sprint8b_sequence_plus_context,graph_c_context_observation,49,0.04889870434999466,0.10794921219348907,0.9870739803648075,0.00025,validation
sprint9_multiseed_S8B_R2_seed123_S8B_R2_sequence_plus_context,S8B_R2_sequence_plus_context,1,gatv2_graph_c_sprint8b_sequence_plus_context,graph_c_context_observation,50,0.049364104866981506,0.10549638420343399,0.9871621215266767,0.00025,validation
sprint9_multiseed_S8B_R2_seed123_S8B_R2_sequence_plus_context,S8B_R2_sequence_plus_context,1,gatv2_graph_c_sprint8b_sequence_plus_context,graph_c_context_observation,51,0.05019794777035713,0.10425685346126556,0.9871988659034973,0.00025,validation
sprint9_multiseed_S8B_R2_seed123_S8B_R2_sequence_plus_context,S8B_R2_sequence_plus_context,1,gatv2_graph_c_sprint8b_sequence_plus_context,graph_c_context_observation,52,0.04902912676334381,0.10405756533145905,0.9871422387728438,0.00025,validation
sprint9_multiseed_S8B_R2_seed123_S8B_R2_sequence_plus_context,S8B_R2_sequence_plus_context,1,gatv2_graph_c_sprint8b_sequence_plus_context,graph_c_context_observation,53,0.048987939953804016,0.10566914081573486,0.9868992643210589,0.000125,validation
sprint9_multiseed_S8B_R2_seed123_S8B_R2_sequence_plus_context,S8B_R2_sequence_plus_context,1,gatv2_graph_c_sprint8b_sequence_plus_context,graph_c_context_observation,54,0.04786278307437897,0.10631577670574188,0.9867582792414227,0.000125,validation
sprint9_multiseed_S8B_R2_seed123_S8B_R2_sequence_plus_context,S8B_R2_sequence_plus_context,1,gatv2_graph_c_sprint8b_sequence_plus_context,graph_c_context_observation,55,0.04770076647400856,0.10660774260759354,0.9866091816254962,0.000125,validation
sprint9_multiseed_S8B_R2_seed123_S8B_R2_sequence_plus_context,S8B_R2_sequence_plus_context,1,gatv2_graph_c_sprint8b_sequence_plus_context,graph_c_context_observation,56,0.04896658658981323,0.10749905556440353,0.9864541385031835,0.000125,validation
