input_representation,feature_set,source_column,is_forbidden,max_length,channels,policy,input_branch,tabular_feature_set,tabular_preprocessor_fit_scope,family
S1_sequence_pair,S1,grna_target_sequence,False,23,11.0,"one-hot guide bases, one-hot target bases, and aligned mismatch channel",sequence,F3,train_only,
S1_sequence_pair,S1,target_sequence,False,23,11.0,"one-hot guide bases, one-hot target bases, and aligned mismatch channel",sequence,F3,train_only,
S1_sequence_pair+F3,F3,guide_length,False,23,,train-only preprocessed tabular F3 late-fusion branch,tabular,F3,train_only,sequence_summary
S1_sequence_pair+F3,F3,target_length,False,23,,train-only preprocessed tabular F3 late-fusion branch,tabular,F3,train_only,sequence_summary
S1_sequence_pair+F3,F3,length_delta,False,23,,train-only preprocessed tabular F3 late-fusion branch,tabular,F3,train_only,sequence_summary
S1_sequence_pair+F3,F3,guide_gc_fraction,False,23,,train-only preprocessed tabular F3 late-fusion branch,tabular,F3,train_only,sequence_summary
S1_sequence_pair+F3,F3,target_gc_fraction,False,23,,train-only preprocessed tabular F3 late-fusion branch,tabular,F3,train_only,sequence_summary
S1_sequence_pair+F3,F3,target_pam_gc_fraction,False,23,,train-only preprocessed tabular F3 late-fusion branch,tabular,F3,train_only,sequence_summary
S1_sequence_pair+F3,F3,target_protospacer_gc_fraction,False,23,,train-only preprocessed tabular F3 late-fusion branch,tabular,F3,train_only,sequence_summary
S1_sequence_pair+F3,F3,aligned_length,False,23,,train-only preprocessed tabular F3 late-fusion branch,tabular,F3,train_only,sequence_summary
S1_sequence_pair+F3,F3,mismatch_count,False,23,,train-only preprocessed tabular F3 late-fusion branch,tabular,F3,train_only,sequence_summary
S1_sequence_pair+F3,F3,mismatch_rate,False,23,,train-only preprocessed tabular F3 late-fusion branch,tabular,F3,train_only,sequence_summary
S1_sequence_pair+F3,F3,mismatch_pos_00,False,23,,train-only preprocessed tabular F3 late-fusion branch,tabular,F3,train_only,mismatch_position
S1_sequence_pair+F3,F3,mismatch_pos_01,False,23,,train-only preprocessed tabular F3 late-fusion branch,tabular,F3,train_only,mismatch_position
S1_sequence_pair+F3,F3,mismatch_pos_02,False,23,,train-only preprocessed tabular F3 late-fusion branch,tabular,F3,train_only,mismatch_position
S1_sequence_pair+F3,F3,mismatch_pos_03,False,23,,train-only preprocessed tabular F3 late-fusion branch,tabular,F3,train_only,mismatch_position
S1_sequence_pair+F3,F3,mismatch_pos_04,False,23,,train-only preprocessed tabular F3 late-fusion branch,tabular,F3,train_only,mismatch_position
S1_sequence_pair+F3,F3,mismatch_pos_05,False,23,,train-only preprocessed tabular F3 late-fusion branch,tabular,F3,train_only,mismatch_position
S1_sequence_pair+F3,F3,mismatch_pos_06,False,23,,train-only preprocessed tabular F3 late-fusion branch,tabular,F3,train_only,mismatch_position
S1_sequence_pair+F3,F3,mismatch_pos_07,False,23,,train-only preprocessed tabular F3 late-fusion branch,tabular,F3,train_only,mismatch_position
S1_sequence_pair+F3,F3,mismatch_pos_08,False,23,,train-only preprocessed tabular F3 late-fusion branch,tabular,F3,train_only,mismatch_position
S1_sequence_pair+F3,F3,mismatch_pos_09,False,23,,train-only preprocessed tabular F3 late-fusion branch,tabular,F3,train_only,mismatch_position
S1_sequence_pair+F3,F3,mismatch_pos_10,False,23,,train-only preprocessed tabular F3 late-fusion branch,tabular,F3,train_only,mismatch_position
S1_sequence_pair+F3,F3,mismatch_pos_11,False,23,,train-only preprocessed tabular F3 late-fusion branch,tabular,F3,train_only,mismatch_position
S1_sequence_pair+F3,F3,mismatch_pos_12,False,23,,train-only preprocessed tabular F3 late-fusion branch,tabular,F3,train_only,mismatch_position
S1_sequence_pair+F3,F3,mismatch_pos_13,False,23,,train-only preprocessed tabular F3 late-fusion branch,tabular,F3,train_only,mismatch_position
S1_sequence_pair+F3,F3,mismatch_pos_14,False,23,,train-only preprocessed tabular F3 late-fusion branch,tabular,F3,train_only,mismatch_position
S1_sequence_pair+F3,F3,mismatch_pos_15,False,23,,train-only preprocessed tabular F3 late-fusion branch,tabular,F3,train_only,mismatch_position
S1_sequence_pair+F3,F3,mismatch_pos_16,False,23,,train-only preprocessed tabular F3 late-fusion branch,tabular,F3,train_only,mismatch_position
S1_sequence_pair+F3,F3,mismatch_pos_17,False,23,,train-only preprocessed tabular F3 late-fusion branch,tabular,F3,train_only,mismatch_position
S1_sequence_pair+F3,F3,mismatch_pos_18,False,23,,train-only preprocessed tabular F3 late-fusion branch,tabular,F3,train_only,mismatch_position
S1_sequence_pair+F3,F3,mismatch_pos_19,False,23,,train-only preprocessed tabular F3 late-fusion branch,tabular,F3,train_only,mismatch_position
S1_sequence_pair+F3,F3,mismatch_pos_20,False,23,,train-only preprocessed tabular F3 late-fusion branch,tabular,F3,train_only,mismatch_position
S1_sequence_pair+F3,F3,mismatch_pos_21,False,23,,train-only preprocessed tabular F3 late-fusion branch,tabular,F3,train_only,mismatch_position
S1_sequence_pair+F3,F3,mismatch_pos_22,False,23,,train-only preprocessed tabular F3 late-fusion branch,tabular,F3,train_only,mismatch_position
S1_sequence_pair+F3,F3,energy_1,False,23,,train-only preprocessed tabular F3 late-fusion branch,tabular,F3,train_only,binding_energy
S1_sequence_pair+F3,F3,energy_2,False,23,,train-only preprocessed tabular F3 late-fusion branch,tabular,F3,train_only,binding_energy
S1_sequence_pair+F3,F3,energy_3,False,23,,train-only preprocessed tabular F3 late-fusion branch,tabular,F3,train_only,binding_energy
S1_sequence_pair+F3,F3,energy_4,False,23,,train-only preprocessed tabular F3 late-fusion branch,tabular,F3,train_only,binding_energy
S1_sequence_pair+F3,F3,energy_5,False,23,,train-only preprocessed tabular F3 late-fusion branch,tabular,F3,train_only,binding_energy
S1_sequence_pair+F3,F3,epigen_ctcf,False,23,,train-only preprocessed tabular F3 late-fusion branch,tabular,F3,train_only,experimental_epigenetic
S1_sequence_pair+F3,F3,epigen_dnase,False,23,,train-only preprocessed tabular F3 late-fusion branch,tabular,F3,train_only,experimental_epigenetic
S1_sequence_pair+F3,F3,epigen_rrbs,False,23,,train-only preprocessed tabular F3 late-fusion branch,tabular,F3,train_only,experimental_epigenetic
S1_sequence_pair+F3,F3,epigen_h3k4me3,False,23,,train-only preprocessed tabular F3 late-fusion branch,tabular,F3,train_only,experimental_epigenetic
S1_sequence_pair+F3,F3,epigen_drip,False,23,,train-only preprocessed tabular F3 late-fusion branch,tabular,F3,train_only,experimental_epigenetic
S1_sequence_pair+F3,F3,MNase,False,23,,train-only preprocessed tabular F3 late-fusion branch,tabular,F3,train_only,experimental_epigenetic
S1_sequence_pair,S1,grna_target_sequence,False,23,11.0,"one-hot guide bases, one-hot target bases, and aligned mismatch channel",sequence,F4,train_only,
S1_sequence_pair,S1,target_sequence,False,23,11.0,"one-hot guide bases, one-hot target bases, and aligned mismatch channel",sequence,F4,train_only,
S1_sequence_pair+F4,F4,guide_length,False,23,,train-only preprocessed tabular F4 late-fusion branch,tabular,F4,train_only,sequence_summary
S1_sequence_pair+F4,F4,target_length,False,23,,train-only preprocessed tabular F4 late-fusion branch,tabular,F4,train_only,sequence_summary
S1_sequence_pair+F4,F4,length_delta,False,23,,train-only preprocessed tabular F4 late-fusion branch,tabular,F4,train_only,sequence_summary
S1_sequence_pair+F4,F4,guide_gc_fraction,False,23,,train-only preprocessed tabular F4 late-fusion branch,tabular,F4,train_only,sequence_summary
S1_sequence_pair+F4,F4,target_gc_fraction,False,23,,train-only preprocessed tabular F4 late-fusion branch,tabular,F4,train_only,sequence_summary
S1_sequence_pair+F4,F4,target_pam_gc_fraction,False,23,,train-only preprocessed tabular F4 late-fusion branch,tabular,F4,train_only,sequence_summary
S1_sequence_pair+F4,F4,target_protospacer_gc_fraction,False,23,,train-only preprocessed tabular F4 late-fusion branch,tabular,F4,train_only,sequence_summary
S1_sequence_pair+F4,F4,aligned_length,False,23,,train-only preprocessed tabular F4 late-fusion branch,tabular,F4,train_only,sequence_summary
S1_sequence_pair+F4,F4,mismatch_count,False,23,,train-only preprocessed tabular F4 late-fusion branch,tabular,F4,train_only,sequence_summary
S1_sequence_pair+F4,F4,mismatch_rate,False,23,,train-only preprocessed tabular F4 late-fusion branch,tabular,F4,train_only,sequence_summary
S1_sequence_pair+F4,F4,mismatch_pos_00,False,23,,train-only preprocessed tabular F4 late-fusion branch,tabular,F4,train_only,mismatch_position
S1_sequence_pair+F4,F4,mismatch_pos_01,False,23,,train-only preprocessed tabular F4 late-fusion branch,tabular,F4,train_only,mismatch_position
S1_sequence_pair+F4,F4,mismatch_pos_02,False,23,,train-only preprocessed tabular F4 late-fusion branch,tabular,F4,train_only,mismatch_position
S1_sequence_pair+F4,F4,mismatch_pos_03,False,23,,train-only preprocessed tabular F4 late-fusion branch,tabular,F4,train_only,mismatch_position
S1_sequence_pair+F4,F4,mismatch_pos_04,False,23,,train-only preprocessed tabular F4 late-fusion branch,tabular,F4,train_only,mismatch_position
S1_sequence_pair+F4,F4,mismatch_pos_05,False,23,,train-only preprocessed tabular F4 late-fusion branch,tabular,F4,train_only,mismatch_position
S1_sequence_pair+F4,F4,mismatch_pos_06,False,23,,train-only preprocessed tabular F4 late-fusion branch,tabular,F4,train_only,mismatch_position
S1_sequence_pair+F4,F4,mismatch_pos_07,False,23,,train-only preprocessed tabular F4 late-fusion branch,tabular,F4,train_only,mismatch_position
S1_sequence_pair+F4,F4,mismatch_pos_08,False,23,,train-only preprocessed tabular F4 late-fusion branch,tabular,F4,train_only,mismatch_position
S1_sequence_pair+F4,F4,mismatch_pos_09,False,23,,train-only preprocessed tabular F4 late-fusion branch,tabular,F4,train_only,mismatch_position
S1_sequence_pair+F4,F4,mismatch_pos_10,False,23,,train-only preprocessed tabular F4 late-fusion branch,tabular,F4,train_only,mismatch_position
S1_sequence_pair+F4,F4,mismatch_pos_11,False,23,,train-only preprocessed tabular F4 late-fusion branch,tabular,F4,train_only,mismatch_position
S1_sequence_pair+F4,F4,mismatch_pos_12,False,23,,train-only preprocessed tabular F4 late-fusion branch,tabular,F4,train_only,mismatch_position
S1_sequence_pair+F4,F4,mismatch_pos_13,False,23,,train-only preprocessed tabular F4 late-fusion branch,tabular,F4,train_only,mismatch_position
S1_sequence_pair+F4,F4,mismatch_pos_14,False,23,,train-only preprocessed tabular F4 late-fusion branch,tabular,F4,train_only,mismatch_position
S1_sequence_pair+F4,F4,mismatch_pos_15,False,23,,train-only preprocessed tabular F4 late-fusion branch,tabular,F4,train_only,mismatch_position
S1_sequence_pair+F4,F4,mismatch_pos_16,False,23,,train-only preprocessed tabular F4 late-fusion branch,tabular,F4,train_only,mismatch_position
S1_sequence_pair+F4,F4,mismatch_pos_17,False,23,,train-only preprocessed tabular F4 late-fusion branch,tabular,F4,train_only,mismatch_position
S1_sequence_pair+F4,F4,mismatch_pos_18,False,23,,train-only preprocessed tabular F4 late-fusion branch,tabular,F4,train_only,mismatch_position
S1_sequence_pair+F4,F4,mismatch_pos_19,False,23,,train-only preprocessed tabular F4 late-fusion branch,tabular,F4,train_only,mismatch_position
S1_sequence_pair+F4,F4,mismatch_pos_20,False,23,,train-only preprocessed tabular F4 late-fusion branch,tabular,F4,train_only,mismatch_position
S1_sequence_pair+F4,F4,mismatch_pos_21,False,23,,train-only preprocessed tabular F4 late-fusion branch,tabular,F4,train_only,mismatch_position
S1_sequence_pair+F4,F4,mismatch_pos_22,False,23,,train-only preprocessed tabular F4 late-fusion branch,tabular,F4,train_only,mismatch_position
S1_sequence_pair+F4,F4,energy_1,False,23,,train-only preprocessed tabular F4 late-fusion branch,tabular,F4,train_only,binding_energy
S1_sequence_pair+F4,F4,energy_2,False,23,,train-only preprocessed tabular F4 late-fusion branch,tabular,F4,train_only,binding_energy
S1_sequence_pair+F4,F4,energy_3,False,23,,train-only preprocessed tabular F4 late-fusion branch,tabular,F4,train_only,binding_energy
S1_sequence_pair+F4,F4,energy_4,False,23,,train-only preprocessed tabular F4 late-fusion branch,tabular,F4,train_only,binding_energy
S1_sequence_pair+F4,F4,energy_5,False,23,,train-only preprocessed tabular F4 late-fusion branch,tabular,F4,train_only,binding_energy
S1_sequence_pair+F4,F4,epigen_ctcf,False,23,,train-only preprocessed tabular F4 late-fusion branch,tabular,F4,train_only,experimental_epigenetic
S1_sequence_pair+F4,F4,epigen_dnase,False,23,,train-only preprocessed tabular F4 late-fusion branch,tabular,F4,train_only,experimental_epigenetic
S1_sequence_pair+F4,F4,epigen_rrbs,False,23,,train-only preprocessed tabular F4 late-fusion branch,tabular,F4,train_only,experimental_epigenetic
S1_sequence_pair+F4,F4,epigen_h3k4me3,False,23,,train-only preprocessed tabular F4 late-fusion branch,tabular,F4,train_only,experimental_epigenetic
S1_sequence_pair+F4,F4,epigen_drip,False,23,,train-only preprocessed tabular F4 late-fusion branch,tabular,F4,train_only,experimental_epigenetic
S1_sequence_pair+F4,F4,MNase,False,23,,train-only preprocessed tabular F4 late-fusion branch,tabular,F4,train_only,experimental_epigenetic
S1_sequence_pair+F4,F4,GCContent_mean,False,23,,train-only preprocessed tabular F4 late-fusion branch,tabular,F4,train_only,computed_nucleosome_aggregates
S1_sequence_pair+F4,F4,GCContent_std,False,23,,train-only preprocessed tabular F4 late-fusion branch,tabular,F4,train_only,computed_nucleosome_aggregates
S1_sequence_pair+F4,F4,GCContent_min,False,23,,train-only preprocessed tabular F4 late-fusion branch,tabular,F4,train_only,computed_nucleosome_aggregates
S1_sequence_pair+F4,F4,GCContent_max,False,23,,train-only preprocessed tabular F4 late-fusion branch,tabular,F4,train_only,computed_nucleosome_aggregates
S1_sequence_pair+F4,F4,GCContent_center,False,23,,train-only preprocessed tabular F4 late-fusion branch,tabular,F4,train_only,computed_nucleosome_aggregates
S1_sequence_pair+F4,F4,GCContent_pam_proximal_mean,False,23,,train-only preprocessed tabular F4 late-fusion branch,tabular,F4,train_only,computed_nucleosome_aggregates
S1_sequence_pair+F4,F4,GCContent_missing,False,23,,train-only preprocessed tabular F4 late-fusion branch,tabular,F4,train_only,computed_nucleosome_missingness
S1_sequence_pair+F4,F4,WSScore_mean,False,23,,train-only preprocessed tabular F4 late-fusion branch,tabular,F4,train_only,computed_nucleosome_aggregates
S1_sequence_pair+F4,F4,WSScore_std,False,23,,train-only preprocessed tabular F4 late-fusion branch,tabular,F4,train_only,computed_nucleosome_aggregates
S1_sequence_pair+F4,F4,WSScore_min,False,23,,train-only preprocessed tabular F4 late-fusion branch,tabular,F4,train_only,computed_nucleosome_aggregates
S1_sequence_pair+F4,F4,WSScore_max,False,23,,train-only preprocessed tabular F4 late-fusion branch,tabular,F4,train_only,computed_nucleosome_aggregates
S1_sequence_pair+F4,F4,WSScore_center,False,23,,train-only preprocessed tabular F4 late-fusion branch,tabular,F4,train_only,computed_nucleosome_aggregates
S1_sequence_pair+F4,F4,WSScore_pam_proximal_mean,False,23,,train-only preprocessed tabular F4 late-fusion branch,tabular,F4,train_only,computed_nucleosome_aggregates
S1_sequence_pair+F4,F4,WSScore_missing,False,23,,train-only preprocessed tabular F4 late-fusion branch,tabular,F4,train_only,computed_nucleosome_missingness
S1_sequence_pair+F4,F4,YRScore_mean,False,23,,train-only preprocessed tabular F4 late-fusion branch,tabular,F4,train_only,computed_nucleosome_aggregates
S1_sequence_pair+F4,F4,YRScore_std,False,23,,train-only preprocessed tabular F4 late-fusion branch,tabular,F4,train_only,computed_nucleosome_aggregates
S1_sequence_pair+F4,F4,YRScore_min,False,23,,train-only preprocessed tabular F4 late-fusion branch,tabular,F4,train_only,computed_nucleosome_aggregates
S1_sequence_pair+F4,F4,YRScore_max,False,23,,train-only preprocessed tabular F4 late-fusion branch,tabular,F4,train_only,computed_nucleosome_aggregates
S1_sequence_pair+F4,F4,YRScore_center,False,23,,train-only preprocessed tabular F4 late-fusion branch,tabular,F4,train_only,computed_nucleosome_aggregates
S1_sequence_pair+F4,F4,YRScore_pam_proximal_mean,False,23,,train-only preprocessed tabular F4 late-fusion branch,tabular,F4,train_only,computed_nucleosome_aggregates
S1_sequence_pair+F4,F4,YRScore_missing,False,23,,train-only preprocessed tabular F4 late-fusion branch,tabular,F4,train_only,computed_nucleosome_missingness
S1_sequence_pair+F4,F4,NucleotideBDM_mean,False,23,,train-only preprocessed tabular F4 late-fusion branch,tabular,F4,train_only,computed_nucleosome_aggregates
S1_sequence_pair+F4,F4,NucleotideBDM_std,False,23,,train-only preprocessed tabular F4 late-fusion branch,tabular,F4,train_only,computed_nucleosome_aggregates
S1_sequence_pair+F4,F4,NucleotideBDM_min,False,23,,train-only preprocessed tabular F4 late-fusion branch,tabular,F4,train_only,computed_nucleosome_aggregates
S1_sequence_pair+F4,F4,NucleotideBDM_max,False,23,,train-only preprocessed tabular F4 late-fusion branch,tabular,F4,train_only,computed_nucleosome_aggregates
S1_sequence_pair+F4,F4,NucleotideBDM_center,False,23,,train-only preprocessed tabular F4 late-fusion branch,tabular,F4,train_only,computed_nucleosome_aggregates
S1_sequence_pair+F4,F4,NucleotideBDM_pam_proximal_mean,False,23,,train-only preprocessed tabular F4 late-fusion branch,tabular,F4,train_only,computed_nucleosome_aggregates
S1_sequence_pair+F4,F4,NucleotideBDM_missing,False,23,,train-only preprocessed tabular F4 late-fusion branch,tabular,F4,train_only,computed_nucleosome_missingness
S1_sequence_pair+F4,F4,StrongWeakBDM_mean,False,23,,train-only preprocessed tabular F4 late-fusion branch,tabular,F4,train_only,computed_nucleosome_aggregates
S1_sequence_pair+F4,F4,StrongWeakBDM_std,False,23,,train-only preprocessed tabular F4 late-fusion branch,tabular,F4,train_only,computed_nucleosome_aggregates
S1_sequence_pair+F4,F4,StrongWeakBDM_min,False,23,,train-only preprocessed tabular F4 late-fusion branch,tabular,F4,train_only,computed_nucleosome_aggregates
S1_sequence_pair+F4,F4,StrongWeakBDM_max,False,23,,train-only preprocessed tabular F4 late-fusion branch,tabular,F4,train_only,computed_nucleosome_aggregates
S1_sequence_pair+F4,F4,StrongWeakBDM_center,False,23,,train-only preprocessed tabular F4 late-fusion branch,tabular,F4,train_only,computed_nucleosome_aggregates
S1_sequence_pair+F4,F4,StrongWeakBDM_pam_proximal_mean,False,23,,train-only preprocessed tabular F4 late-fusion branch,tabular,F4,train_only,computed_nucleosome_aggregates
S1_sequence_pair+F4,F4,StrongWeakBDM_missing,False,23,,train-only preprocessed tabular F4 late-fusion branch,tabular,F4,train_only,computed_nucleosome_missingness
S1_sequence_pair+F4,F4,NuPoP_Occup_147_human_mean,False,23,,train-only preprocessed tabular F4 late-fusion branch,tabular,F4,train_only,computed_nucleosome_aggregates
S1_sequence_pair+F4,F4,NuPoP_Occup_147_human_std,False,23,,train-only preprocessed tabular F4 late-fusion branch,tabular,F4,train_only,computed_nucleosome_aggregates
S1_sequence_pair+F4,F4,NuPoP_Occup_147_human_min,False,23,,train-only preprocessed tabular F4 late-fusion branch,tabular,F4,train_only,computed_nucleosome_aggregates
S1_sequence_pair+F4,F4,NuPoP_Occup_147_human_max,False,23,,train-only preprocessed tabular F4 late-fusion branch,tabular,F4,train_only,computed_nucleosome_aggregates
S1_sequence_pair+F4,F4,NuPoP_Occup_147_human_center,False,23,,train-only preprocessed tabular F4 late-fusion branch,tabular,F4,train_only,computed_nucleosome_aggregates
S1_sequence_pair+F4,F4,NuPoP_Occup_147_human_pam_proximal_mean,False,23,,train-only preprocessed tabular F4 late-fusion branch,tabular,F4,train_only,computed_nucleosome_aggregates
S1_sequence_pair+F4,F4,NuPoP_Occup_147_human_missing,False,23,,train-only preprocessed tabular F4 late-fusion branch,tabular,F4,train_only,computed_nucleosome_missingness
S1_sequence_pair+F4,F4,NuPoP_Viterbi_147_human_mean,False,23,,train-only preprocessed tabular F4 late-fusion branch,tabular,F4,train_only,computed_nucleosome_aggregates
S1_sequence_pair+F4,F4,NuPoP_Viterbi_147_human_std,False,23,,train-only preprocessed tabular F4 late-fusion branch,tabular,F4,train_only,computed_nucleosome_aggregates
S1_sequence_pair+F4,F4,NuPoP_Viterbi_147_human_min,False,23,,train-only preprocessed tabular F4 late-fusion branch,tabular,F4,train_only,computed_nucleosome_aggregates
S1_sequence_pair+F4,F4,NuPoP_Viterbi_147_human_max,False,23,,train-only preprocessed tabular F4 late-fusion branch,tabular,F4,train_only,computed_nucleosome_aggregates
S1_sequence_pair+F4,F4,NuPoP_Viterbi_147_human_center,False,23,,train-only preprocessed tabular F4 late-fusion branch,tabular,F4,train_only,computed_nucleosome_aggregates
S1_sequence_pair+F4,F4,NuPoP_Viterbi_147_human_pam_proximal_mean,False,23,,train-only preprocessed tabular F4 late-fusion branch,tabular,F4,train_only,computed_nucleosome_aggregates
S1_sequence_pair+F4,F4,NuPoP_Viterbi_147_human_missing,False,23,,train-only preprocessed tabular F4 late-fusion branch,tabular,F4,train_only,computed_nucleosome_missingness
S1_sequence_pair+F4,F4,NuPoP_Affinity_147_human_mean,False,23,,train-only preprocessed tabular F4 late-fusion branch,tabular,F4,train_only,computed_nucleosome_aggregates
S1_sequence_pair+F4,F4,NuPoP_Affinity_147_human_std,False,23,,train-only preprocessed tabular F4 late-fusion branch,tabular,F4,train_only,computed_nucleosome_aggregates
S1_sequence_pair+F4,F4,NuPoP_Affinity_147_human_min,False,23,,train-only preprocessed tabular F4 late-fusion branch,tabular,F4,train_only,computed_nucleosome_aggregates
S1_sequence_pair+F4,F4,NuPoP_Affinity_147_human_max,False,23,,train-only preprocessed tabular F4 late-fusion branch,tabular,F4,train_only,computed_nucleosome_aggregates
S1_sequence_pair+F4,F4,NuPoP_Affinity_147_human_center,False,23,,train-only preprocessed tabular F4 late-fusion branch,tabular,F4,train_only,computed_nucleosome_aggregates
S1_sequence_pair+F4,F4,NuPoP_Affinity_147_human_pam_proximal_mean,False,23,,train-only preprocessed tabular F4 late-fusion branch,tabular,F4,train_only,computed_nucleosome_aggregates
S1_sequence_pair+F4,F4,NuPoP_Affinity_147_human_missing,False,23,,train-only preprocessed tabular F4 late-fusion branch,tabular,F4,train_only,computed_nucleosome_missingness
S1_sequence_pair+F4,F4,nuCpos_Occup_147_yeast_mean,False,23,,train-only preprocessed tabular F4 late-fusion branch,tabular,F4,train_only,computed_nucleosome_aggregates
S1_sequence_pair+F4,F4,nuCpos_Occup_147_yeast_std,False,23,,train-only preprocessed tabular F4 late-fusion branch,tabular,F4,train_only,computed_nucleosome_aggregates
S1_sequence_pair+F4,F4,nuCpos_Occup_147_yeast_min,False,23,,train-only preprocessed tabular F4 late-fusion branch,tabular,F4,train_only,computed_nucleosome_aggregates
S1_sequence_pair+F4,F4,nuCpos_Occup_147_yeast_max,False,23,,train-only preprocessed tabular F4 late-fusion branch,tabular,F4,train_only,computed_nucleosome_aggregates
S1_sequence_pair+F4,F4,nuCpos_Occup_147_yeast_center,False,23,,train-only preprocessed tabular F4 late-fusion branch,tabular,F4,train_only,computed_nucleosome_aggregates
S1_sequence_pair+F4,F4,nuCpos_Occup_147_yeast_pam_proximal_mean,False,23,,train-only preprocessed tabular F4 late-fusion branch,tabular,F4,train_only,computed_nucleosome_aggregates
S1_sequence_pair+F4,F4,nuCpos_Occup_147_yeast_missing,False,23,,train-only preprocessed tabular F4 late-fusion branch,tabular,F4,train_only,computed_nucleosome_missingness
S1_sequence_pair+F4,F4,nuCpos_Viterbi_147_yeast_mean,False,23,,train-only preprocessed tabular F4 late-fusion branch,tabular,F4,train_only,computed_nucleosome_aggregates
S1_sequence_pair+F4,F4,nuCpos_Viterbi_147_yeast_std,False,23,,train-only preprocessed tabular F4 late-fusion branch,tabular,F4,train_only,computed_nucleosome_aggregates
S1_sequence_pair+F4,F4,nuCpos_Viterbi_147_yeast_min,False,23,,train-only preprocessed tabular F4 late-fusion branch,tabular,F4,train_only,computed_nucleosome_aggregates
S1_sequence_pair+F4,F4,nuCpos_Viterbi_147_yeast_max,False,23,,train-only preprocessed tabular F4 late-fusion branch,tabular,F4,train_only,computed_nucleosome_aggregates
S1_sequence_pair+F4,F4,nuCpos_Viterbi_147_yeast_center,False,23,,train-only preprocessed tabular F4 late-fusion branch,tabular,F4,train_only,computed_nucleosome_aggregates
S1_sequence_pair+F4,F4,nuCpos_Viterbi_147_yeast_pam_proximal_mean,False,23,,train-only preprocessed tabular F4 late-fusion branch,tabular,F4,train_only,computed_nucleosome_aggregates
S1_sequence_pair+F4,F4,nuCpos_Viterbi_147_yeast_missing,False,23,,train-only preprocessed tabular F4 late-fusion branch,tabular,F4,train_only,computed_nucleosome_missingness
S1_sequence_pair+F4,F4,nuCpos_Affinity_147_yeast_mean,False,23,,train-only preprocessed tabular F4 late-fusion branch,tabular,F4,train_only,computed_nucleosome_aggregates
S1_sequence_pair+F4,F4,nuCpos_Affinity_147_yeast_std,False,23,,train-only preprocessed tabular F4 late-fusion branch,tabular,F4,train_only,computed_nucleosome_aggregates
S1_sequence_pair+F4,F4,nuCpos_Affinity_147_yeast_min,False,23,,train-only preprocessed tabular F4 late-fusion branch,tabular,F4,train_only,computed_nucleosome_aggregates
S1_sequence_pair+F4,F4,nuCpos_Affinity_147_yeast_max,False,23,,train-only preprocessed tabular F4 late-fusion branch,tabular,F4,train_only,computed_nucleosome_aggregates
S1_sequence_pair+F4,F4,nuCpos_Affinity_147_yeast_center,False,23,,train-only preprocessed tabular F4 late-fusion branch,tabular,F4,train_only,computed_nucleosome_aggregates
S1_sequence_pair+F4,F4,nuCpos_Affinity_147_yeast_pam_proximal_mean,False,23,,train-only preprocessed tabular F4 late-fusion branch,tabular,F4,train_only,computed_nucleosome_aggregates
S1_sequence_pair+F4,F4,nuCpos_Affinity_147_yeast_missing,False,23,,train-only preprocessed tabular F4 late-fusion branch,tabular,F4,train_only,computed_nucleosome_missingness
S1_sequence_pair+F4,F4,VanDerHeijden_mean,False,23,,train-only preprocessed tabular F4 late-fusion branch,tabular,F4,train_only,computed_nucleosome_aggregates
S1_sequence_pair+F4,F4,VanDerHeijden_std,False,23,,train-only preprocessed tabular F4 late-fusion branch,tabular,F4,train_only,computed_nucleosome_aggregates
S1_sequence_pair+F4,F4,VanDerHeijden_min,False,23,,train-only preprocessed tabular F4 late-fusion branch,tabular,F4,train_only,computed_nucleosome_aggregates
S1_sequence_pair+F4,F4,VanDerHeijden_max,False,23,,train-only preprocessed tabular F4 late-fusion branch,tabular,F4,train_only,computed_nucleosome_aggregates
S1_sequence_pair+F4,F4,VanDerHeijden_center,False,23,,train-only preprocessed tabular F4 late-fusion branch,tabular,F4,train_only,computed_nucleosome_aggregates
S1_sequence_pair+F4,F4,VanDerHeijden_pam_proximal_mean,False,23,,train-only preprocessed tabular F4 late-fusion branch,tabular,F4,train_only,computed_nucleosome_aggregates
S1_sequence_pair+F4,F4,VanDerHeijden_missing,False,23,,train-only preprocessed tabular F4 late-fusion branch,tabular,F4,train_only,computed_nucleosome_missingness
S1_sequence_pair+F4,F4,LeNupH3Q85C_mean,False,23,,train-only preprocessed tabular F4 late-fusion branch,tabular,F4,train_only,computed_nucleosome_aggregates
S1_sequence_pair+F4,F4,LeNupH3Q85C_std,False,23,,train-only preprocessed tabular F4 late-fusion branch,tabular,F4,train_only,computed_nucleosome_aggregates
S1_sequence_pair+F4,F4,LeNupH3Q85C_min,False,23,,train-only preprocessed tabular F4 late-fusion branch,tabular,F4,train_only,computed_nucleosome_aggregates
S1_sequence_pair+F4,F4,LeNupH3Q85C_max,False,23,,train-only preprocessed tabular F4 late-fusion branch,tabular,F4,train_only,computed_nucleosome_aggregates
S1_sequence_pair+F4,F4,LeNupH3Q85C_center,False,23,,train-only preprocessed tabular F4 late-fusion branch,tabular,F4,train_only,computed_nucleosome_aggregates
S1_sequence_pair+F4,F4,LeNupH3Q85C_pam_proximal_mean,False,23,,train-only preprocessed tabular F4 late-fusion branch,tabular,F4,train_only,computed_nucleosome_aggregates
S1_sequence_pair+F4,F4,LeNupH3Q85C_missing,False,23,,train-only preprocessed tabular F4 late-fusion branch,tabular,F4,train_only,computed_nucleosome_missingness
