run_id,predeclared_run_id,architecture,grna_target_id,rows,positives,positive_rate,mean_score,min_score,max_score
sprint7_gat_gatv2_seed42_20260607_153444_S7R1_gat_edge_aware,S7R1_gat_edge_aware,gat,1018,4,4,1.0,0.916041374206543,0.8832233548164368,0.956138014793396
sprint7_gat_gatv2_seed42_20260607_153444_S7R1_gat_edge_aware,S7R1_gat_edge_aware,gat,1026,2,2,1.0,0.8225813806056976,0.730079174041748,0.9150835871696472
sprint7_gat_gatv2_seed42_20260607_153444_S7R1_gat_edge_aware,S7R1_gat_edge_aware,gat,1028,15,1,0.06666666666666667,0.07838407605886459,0.06666618585586548,0.09058718383312225
sprint7_gat_gatv2_seed42_20260607_153444_S7R1_gat_edge_aware,S7R1_gat_edge_aware,gat,1044,13,1,0.07692307692307693,0.1322785157423753,0.09300202131271362,0.17180155217647552
sprint7_gat_gatv2_seed42_20260607_153444_S7R1_gat_edge_aware,S7R1_gat_edge_aware,gat,10597,2,2,1.0,0.1834128201007843,0.08436256647109985,0.28246307373046875
sprint7_gat_gatv2_seed42_20260607_153444_S7R1_gat_edge_aware,S7R1_gat_edge_aware,gat,10599,33,33,1.0,0.48662037018573645,0.26982414722442627,0.7014318704605103
sprint7_gat_gatv2_seed42_20260607_153444_S7R1_gat_edge_aware,S7R1_gat_edge_aware,gat,1060,15,2,0.13333333333333333,0.18685567031304043,0.09731806814670563,0.26467835903167725
sprint7_gat_gatv2_seed42_20260607_153444_S7R1_gat_edge_aware,S7R1_gat_edge_aware,gat,1088,13,1,0.07692307692307693,0.5661259774978344,0.39077332615852356,0.8263577818870544
sprint7_gat_gatv2_seed42_20260607_153444_S7R1_gat_edge_aware,S7R1_gat_edge_aware,gat,10957,4,4,1.0,0.3512083515524864,0.2219673991203308,0.5657904744148254
sprint7_gat_gatv2_seed42_20260607_153444_S7R1_gat_edge_aware,S7R1_gat_edge_aware,gat,10990,20,20,1.0,0.15701787285506724,0.08628818392753601,0.50928795337677
sprint7_gat_gatv2_seed42_20260607_153444_S7R1_gat_edge_aware,S7R1_gat_edge_aware,gat,11012,8,8,1.0,0.37077121064066887,0.15325267612934113,0.7876407504081726
sprint7_gat_gatv2_seed42_20260607_153444_S7R1_gat_edge_aware,S7R1_gat_edge_aware,gat,11173,145,145,1.0,0.9735053559829449,0.7630802392959595,0.9936453104019165
sprint7_gat_gatv2_seed42_20260607_153444_S7R1_gat_edge_aware,S7R1_gat_edge_aware,gat,1120,15,1,0.06666666666666667,0.20879900058110554,0.16591018438339233,0.29112228751182556
sprint7_gat_gatv2_seed42_20260607_153444_S7R1_gat_edge_aware,S7R1_gat_edge_aware,gat,11299,11,11,1.0,0.21805227480151437,0.11833786964416504,0.5720331072807312
sprint7_gat_gatv2_seed42_20260607_153444_S7R1_gat_edge_aware,S7R1_gat_edge_aware,gat,11487,13,13,1.0,0.9852136786167438,0.9713430404663086,0.9942264556884766
sprint7_gat_gatv2_seed42_20260607_153444_S7R1_gat_edge_aware,S7R1_gat_edge_aware,gat,11506,13,5,0.38461538461538464,0.9486748530314519,0.5941922664642334,0.9898396730422974
sprint7_gat_gatv2_seed42_20260607_153444_S7R1_gat_edge_aware,S7R1_gat_edge_aware,gat,1408,9,0,0.0,0.07079857091108958,0.0541912242770195,0.08375626802444458
sprint7_gat_gatv2_seed42_20260607_153444_S7R1_gat_edge_aware,S7R1_gat_edge_aware,gat,1505,48,48,1.0,0.12781435111537576,0.07821150869131088,0.5712783336639404
sprint7_gat_gatv2_seed42_20260607_153444_S7R1_gat_edge_aware,S7R1_gat_edge_aware,gat,228,12,5,0.4166666666666667,0.2850430483619372,0.16494548320770264,0.7106027007102966
sprint7_gat_gatv2_seed42_20260607_153444_S7R1_gat_edge_aware,S7R1_gat_edge_aware,gat,278,14,14,1.0,0.5360881515911647,0.4142155051231384,0.9419917464256287
sprint7_gat_gatv2_seed42_20260607_153444_S7R1_gat_edge_aware,S7R1_gat_edge_aware,gat,3265,35,35,1.0,0.9684773411069597,0.9288003444671631,0.993403971195221
sprint7_gat_gatv2_seed42_20260607_153444_S7R1_gat_edge_aware,S7R1_gat_edge_aware,gat,3300,120,120,1.0,0.9242648492256801,0.6983539462089539,0.9923143982887268
sprint7_gat_gatv2_seed42_20260607_153444_S7R1_gat_edge_aware,S7R1_gat_edge_aware,gat,3420,320,320,1.0,0.09694405214395374,0.06981591880321503,0.5618123412132263
sprint7_gat_gatv2_seed42_20260607_153444_S7R1_gat_edge_aware,S7R1_gat_edge_aware,gat,635,3,3,1.0,0.3577280988295873,0.22277531027793884,0.6066665053367615
sprint7_gat_gatv2_seed42_20260607_153444_S7R1_gat_edge_aware,S7R1_gat_edge_aware,gat,7696,126,126,1.0,0.7227360438259821,0.3520987033843994,0.937419056892395
sprint7_gat_gatv2_seed42_20260607_153444_S7R1_gat_edge_aware,S7R1_gat_edge_aware,gat,804,4,4,1.0,0.818651869893074,0.7762536406517029,0.8952327370643616
sprint7_gat_gatv2_seed42_20260607_153444_S7R1_gat_edge_aware,S7R1_gat_edge_aware,gat,8319,101,101,1.0,0.7106099771981192,0.34546610713005066,0.9348907470703125
sprint7_gat_gatv2_seed42_20260607_153444_S7R1_gat_edge_aware,S7R1_gat_edge_aware,gat,8420,408,408,1.0,0.2815710467779461,0.12463607639074326,0.9242475032806396
sprint7_gat_gatv2_seed42_20260607_153444_S7R1_gat_edge_aware,S7R1_gat_edge_aware,gat,9251,176,96,0.5454545454545454,0.18366864141584796,0.09398885816335678,0.6736826300621033
sprint7_gat_gatv2_seed42_20260607_153444_S7R2_gatv2_edge_aware,S7R2_gatv2_edge_aware,gatv2,1018,4,4,1.0,0.9535538703203201,0.9360767602920532,0.9846042990684509
sprint7_gat_gatv2_seed42_20260607_153444_S7R2_gatv2_edge_aware,S7R2_gatv2_edge_aware,gatv2,1026,2,2,1.0,0.6703576445579529,0.5185274481773376,0.8221878409385681
sprint7_gat_gatv2_seed42_20260607_153444_S7R2_gatv2_edge_aware,S7R2_gatv2_edge_aware,gatv2,1028,15,1,0.06666666666666667,0.10665199160575867,0.09159132838249207,0.12683731317520142
sprint7_gat_gatv2_seed42_20260607_153444_S7R2_gatv2_edge_aware,S7R2_gatv2_edge_aware,gatv2,1044,13,1,0.07692307692307693,0.18392499880148813,0.11453195661306381,0.24323488771915436
sprint7_gat_gatv2_seed42_20260607_153444_S7R2_gatv2_edge_aware,S7R2_gatv2_edge_aware,gatv2,10597,2,2,1.0,0.1326551977545023,0.05946934595704079,0.2058410495519638
sprint7_gat_gatv2_seed42_20260607_153444_S7R2_gatv2_edge_aware,S7R2_gatv2_edge_aware,gatv2,10599,33,33,1.0,0.5952651898066202,0.43791094422340393,0.7698135375976562
sprint7_gat_gatv2_seed42_20260607_153444_S7R2_gatv2_edge_aware,S7R2_gatv2_edge_aware,gatv2,1060,15,2,0.13333333333333333,0.1453172132372856,0.07555324584245682,0.21306262910366058
sprint7_gat_gatv2_seed42_20260607_153444_S7R2_gatv2_edge_aware,S7R2_gatv2_edge_aware,gatv2,1088,13,1,0.07692307692307693,0.26257561376461613,0.1725907325744629,0.45202356576919556
sprint7_gat_gatv2_seed42_20260607_153444_S7R2_gatv2_edge_aware,S7R2_gatv2_edge_aware,gatv2,10957,4,4,1.0,0.3902548626065254,0.26830899715423584,0.5772677659988403
sprint7_gat_gatv2_seed42_20260607_153444_S7R2_gatv2_edge_aware,S7R2_gatv2_edge_aware,gatv2,10990,20,20,1.0,0.07081169486045838,0.04064740240573883,0.23527605831623077
sprint7_gat_gatv2_seed42_20260607_153444_S7R2_gatv2_edge_aware,S7R2_gatv2_edge_aware,gatv2,11012,8,8,1.0,0.4396524988114834,0.2503145635128021,0.76628178358078
sprint7_gat_gatv2_seed42_20260607_153444_S7R2_gatv2_edge_aware,S7R2_gatv2_edge_aware,gatv2,11173,145,145,1.0,0.9214575315343922,0.6561845541000366,0.9766165614128113
sprint7_gat_gatv2_seed42_20260607_153444_S7R2_gatv2_edge_aware,S7R2_gatv2_edge_aware,gatv2,1120,15,1,0.06666666666666667,0.1452796588341395,0.11958858370780945,0.18165476620197296
sprint7_gat_gatv2_seed42_20260607_153444_S7R2_gatv2_edge_aware,S7R2_gatv2_edge_aware,gatv2,11299,11,11,1.0,0.2342484864321622,0.13484106957912445,0.539845883846283
sprint7_gat_gatv2_seed42_20260607_153444_S7R2_gatv2_edge_aware,S7R2_gatv2_edge_aware,gatv2,11487,13,13,1.0,0.9680210993840144,0.9477666616439819,0.9865103363990784
sprint7_gat_gatv2_seed42_20260607_153444_S7R2_gatv2_edge_aware,S7R2_gatv2_edge_aware,gatv2,11506,13,5,0.38461538461538464,0.9573822159033555,0.801062285900116,0.9863102436065674
sprint7_gat_gatv2_seed42_20260607_153444_S7R2_gatv2_edge_aware,S7R2_gatv2_edge_aware,gatv2,1408,9,0,0.0,0.18715966906812456,0.1445751041173935,0.24118763208389282
sprint7_gat_gatv2_seed42_20260607_153444_S7R2_gatv2_edge_aware,S7R2_gatv2_edge_aware,gatv2,1505,48,48,1.0,0.4034467867265145,0.31253471970558167,0.7774882316589355
sprint7_gat_gatv2_seed42_20260607_153444_S7R2_gatv2_edge_aware,S7R2_gatv2_edge_aware,gatv2,228,12,5,0.4166666666666667,0.19297626428306103,0.10640407353639603,0.5269995331764221
sprint7_gat_gatv2_seed42_20260607_153444_S7R2_gatv2_edge_aware,S7R2_gatv2_edge_aware,gatv2,278,14,14,1.0,0.1524047093199832,0.060171086341142654,0.6313194036483765
sprint7_gat_gatv2_seed42_20260607_153444_S7R2_gatv2_edge_aware,S7R2_gatv2_edge_aware,gatv2,3265,35,35,1.0,0.972776164327349,0.9591773152351379,0.9923468828201294
sprint7_gat_gatv2_seed42_20260607_153444_S7R2_gatv2_edge_aware,S7R2_gatv2_edge_aware,gatv2,3300,120,120,1.0,0.9066719273726146,0.8227297067642212,0.982901930809021
sprint7_gat_gatv2_seed42_20260607_153444_S7R2_gatv2_edge_aware,S7R2_gatv2_edge_aware,gatv2,3420,320,320,1.0,0.5628240834921598,0.46581676602363586,0.8750797510147095
sprint7_gat_gatv2_seed42_20260607_153444_S7R2_gatv2_edge_aware,S7R2_gatv2_edge_aware,gatv2,635,3,3,1.0,0.32669171194235486,0.2082197219133377,0.5519670844078064
sprint7_gat_gatv2_seed42_20260607_153444_S7R2_gatv2_edge_aware,S7R2_gatv2_edge_aware,gatv2,7696,126,126,1.0,0.45320747426104924,0.23687949776649475,0.8284016251564026
sprint7_gat_gatv2_seed42_20260607_153444_S7R2_gatv2_edge_aware,S7R2_gatv2_edge_aware,gatv2,804,4,4,1.0,0.6418503522872925,0.5534519553184509,0.8243513703346252
sprint7_gat_gatv2_seed42_20260607_153444_S7R2_gatv2_edge_aware,S7R2_gatv2_edge_aware,gatv2,8319,101,101,1.0,0.44622066203910526,0.22742292284965515,0.8216597437858582
sprint7_gat_gatv2_seed42_20260607_153444_S7R2_gatv2_edge_aware,S7R2_gatv2_edge_aware,gatv2,8420,408,408,1.0,0.33953930411999134,0.19152498245239258,0.8699454069137573
sprint7_gat_gatv2_seed42_20260607_153444_S7R2_gatv2_edge_aware,S7R2_gatv2_edge_aware,gatv2,9251,176,96,0.5454545454545454,0.36022827782752836,0.19778360426425934,0.8055436611175537
