run_id,predeclared_run_id,graph_schema,architecture,grna_target_id,rows,positives,positive_rate,mean_score,min_score,max_score
sprint9_multiseed_S7F_R3_seed123_S7F_R3_family_aware_experimental_emphasis,S7F_R3_family_aware_experimental_emphasis,graph_c_context_observation,gatv2,1018,4,4,1.0,0.9727914780378342,0.9641417860984802,0.9845486879348755
sprint9_multiseed_S7F_R3_seed123_S7F_R3_family_aware_experimental_emphasis,S7F_R3_family_aware_experimental_emphasis,graph_c_context_observation,gatv2,1026,2,2,1.0,0.6827534139156342,0.5170932412147522,0.8484135866165161
sprint9_multiseed_S7F_R3_seed123_S7F_R3_family_aware_experimental_emphasis,S7F_R3_family_aware_experimental_emphasis,graph_c_context_observation,gatv2,1028,15,1,0.06666666666666667,0.09813648561636606,0.06614158302545547,0.2320912629365921
sprint9_multiseed_S7F_R3_seed123_S7F_R3_family_aware_experimental_emphasis,S7F_R3_family_aware_experimental_emphasis,graph_c_context_observation,gatv2,1044,13,1,0.07692307692307693,0.09963801531837536,0.05889585241675377,0.14387013018131256
sprint9_multiseed_S7F_R3_seed123_S7F_R3_family_aware_experimental_emphasis,S7F_R3_family_aware_experimental_emphasis,graph_c_context_observation,gatv2,10597,2,2,1.0,0.7787306010723114,0.6939218044281006,0.8635393977165222
sprint9_multiseed_S7F_R3_seed123_S7F_R3_family_aware_experimental_emphasis,S7F_R3_family_aware_experimental_emphasis,graph_c_context_observation,gatv2,10599,33,33,1.0,0.686299642830184,0.444873571395874,0.8758460283279419
sprint9_multiseed_S7F_R3_seed123_S7F_R3_family_aware_experimental_emphasis,S7F_R3_family_aware_experimental_emphasis,graph_c_context_observation,gatv2,1060,15,2,0.13333333333333333,0.2702619001269341,0.10372894257307053,0.3959437906742096
sprint9_multiseed_S7F_R3_seed123_S7F_R3_family_aware_experimental_emphasis,S7F_R3_family_aware_experimental_emphasis,graph_c_context_observation,gatv2,1088,13,1,0.07692307692307693,0.171528483239504,0.08521511405706406,0.32359665632247925
sprint9_multiseed_S7F_R3_seed123_S7F_R3_family_aware_experimental_emphasis,S7F_R3_family_aware_experimental_emphasis,graph_c_context_observation,gatv2,10957,4,4,1.0,0.8796912282705307,0.8417382836341858,0.9333926439285278
sprint9_multiseed_S7F_R3_seed123_S7F_R3_family_aware_experimental_emphasis,S7F_R3_family_aware_experimental_emphasis,graph_c_context_observation,gatv2,10990,20,20,1.0,0.729939392209053,0.5322312116622925,0.9445955157279968
sprint9_multiseed_S7F_R3_seed123_S7F_R3_family_aware_experimental_emphasis,S7F_R3_family_aware_experimental_emphasis,graph_c_context_observation,gatv2,11012,8,8,1.0,0.5959409736096859,0.3362993597984314,0.911882221698761
sprint9_multiseed_S7F_R3_seed123_S7F_R3_family_aware_experimental_emphasis,S7F_R3_family_aware_experimental_emphasis,graph_c_context_observation,gatv2,11173,145,145,1.0,0.989157783985138,0.8209696412086487,0.9983034133911133
sprint9_multiseed_S7F_R3_seed123_S7F_R3_family_aware_experimental_emphasis,S7F_R3_family_aware_experimental_emphasis,graph_c_context_observation,gatv2,1120,15,1,0.06666666666666667,0.10947430928548177,0.06884968280792236,0.17100197076797485
sprint9_multiseed_S7F_R3_seed123_S7F_R3_family_aware_experimental_emphasis,S7F_R3_family_aware_experimental_emphasis,graph_c_context_observation,gatv2,11299,11,11,1.0,0.8885879950089888,0.8171810507774353,0.9703942537307739
sprint9_multiseed_S7F_R3_seed123_S7F_R3_family_aware_experimental_emphasis,S7F_R3_family_aware_experimental_emphasis,graph_c_context_observation,gatv2,11487,13,13,1.0,0.9691267196948712,0.9491133093833923,0.9876378774642944
sprint9_multiseed_S7F_R3_seed123_S7F_R3_family_aware_experimental_emphasis,S7F_R3_family_aware_experimental_emphasis,graph_c_context_observation,gatv2,11506,13,5,0.38461538461538464,0.890805735037877,0.6266128420829773,0.9778873324394226
sprint9_multiseed_S7F_R3_seed123_S7F_R3_family_aware_experimental_emphasis,S7F_R3_family_aware_experimental_emphasis,graph_c_context_observation,gatv2,1408,9,0,0.0,0.06668310446871652,0.04762584716081619,0.10475257784128189
sprint9_multiseed_S7F_R3_seed123_S7F_R3_family_aware_experimental_emphasis,S7F_R3_family_aware_experimental_emphasis,graph_c_context_observation,gatv2,1505,48,48,1.0,0.08551025080184142,0.04423500597476959,0.4422738552093506
sprint9_multiseed_S7F_R3_seed123_S7F_R3_family_aware_experimental_emphasis,S7F_R3_family_aware_experimental_emphasis,graph_c_context_observation,gatv2,228,12,5,0.4166666666666667,0.8447815279165903,0.6944684386253357,0.948306143283844
sprint9_multiseed_S7F_R3_seed123_S7F_R3_family_aware_experimental_emphasis,S7F_R3_family_aware_experimental_emphasis,graph_c_context_observation,gatv2,278,14,14,1.0,0.46484831081969397,0.2046188861131668,0.9729142785072327
sprint9_multiseed_S7F_R3_seed123_S7F_R3_family_aware_experimental_emphasis,S7F_R3_family_aware_experimental_emphasis,graph_c_context_observation,gatv2,3265,35,35,1.0,0.8152529767581395,0.698118269443512,0.9567835927009583
sprint9_multiseed_S7F_R3_seed123_S7F_R3_family_aware_experimental_emphasis,S7F_R3_family_aware_experimental_emphasis,graph_c_context_observation,gatv2,3300,120,120,1.0,0.8631049161156018,0.7008541226387024,0.9878033995628357
sprint9_multiseed_S7F_R3_seed123_S7F_R3_family_aware_experimental_emphasis,S7F_R3_family_aware_experimental_emphasis,graph_c_context_observation,gatv2,3420,320,320,1.0,0.5333846172317862,0.3136751353740692,0.9391076564788818
sprint9_multiseed_S7F_R3_seed123_S7F_R3_family_aware_experimental_emphasis,S7F_R3_family_aware_experimental_emphasis,graph_c_context_observation,gatv2,635,3,3,1.0,0.6737163861592611,0.573840856552124,0.8590593338012695
sprint9_multiseed_S7F_R3_seed123_S7F_R3_family_aware_experimental_emphasis,S7F_R3_family_aware_experimental_emphasis,graph_c_context_observation,gatv2,7696,126,126,1.0,0.3515984382302988,0.12107465416193008,0.7545539736747742
sprint9_multiseed_S7F_R3_seed123_S7F_R3_family_aware_experimental_emphasis,S7F_R3_family_aware_experimental_emphasis,graph_c_context_observation,gatv2,804,4,4,1.0,0.8840608596801758,0.856945276260376,0.9092885851860046
sprint9_multiseed_S7F_R3_seed123_S7F_R3_family_aware_experimental_emphasis,S7F_R3_family_aware_experimental_emphasis,graph_c_context_observation,gatv2,8319,101,101,1.0,0.39297356006532613,0.1409788578748703,0.7843161821365356
sprint9_multiseed_S7F_R3_seed123_S7F_R3_family_aware_experimental_emphasis,S7F_R3_family_aware_experimental_emphasis,graph_c_context_observation,gatv2,8420,408,408,1.0,0.48375199629249527,0.17309950292110443,0.9263182282447815
sprint9_multiseed_S7F_R3_seed123_S7F_R3_family_aware_experimental_emphasis,S7F_R3_family_aware_experimental_emphasis,graph_c_context_observation,gatv2,9251,176,96,0.5454545454545454,0.4045527350496162,0.14835576713085175,0.8819855451583862
